-- Generation time: Wed, 16 Sep 2020 08:16:06 +0000
-- Host: mysql.hostinger.ro
-- DB name: u574849695_24
/*!40030 SET NAMES UTF8 */;
/*!40101 SET @OLD_CHARACTER_SET_CLIENT=@@CHARACTER_SET_CLIENT */;
/*!40101 SET @OLD_CHARACTER_SET_RESULTS=@@CHARACTER_SET_RESULTS */;
/*!40101 SET @OLD_COLLATION_CONNECTION=@@COLLATION_CONNECTION */;
/*!40103 SET @OLD_TIME_ZONE=@@TIME_ZONE */;
/*!40103 SET TIME_ZONE='+00:00' */;
/*!40014 SET @OLD_UNIQUE_CHECKS=@@UNIQUE_CHECKS, UNIQUE_CHECKS=0 */;
/*!40014 SET @OLD_FOREIGN_KEY_CHECKS=@@FOREIGN_KEY_CHECKS, FOREIGN_KEY_CHECKS=0 */;
/*!40101 SET @OLD_SQL_MODE=@@SQL_MODE, SQL_MODE='NO_AUTO_VALUE_ON_ZERO' */;
/*!40111 SET @OLD_SQL_NOTES=@@SQL_NOTES, SQL_NOTES=0 */;

DROP TABLE IF EXISTS `communities`;
CREATE TABLE `communities` (
  `id` bigint(20) unsigned NOT NULL AUTO_INCREMENT,
  `name` varchar(150) COLLATE utf8_unicode_ci DEFAULT NULL,
  `admin_user_id` bigint(20) unsigned NOT NULL,
  UNIQUE KEY `id` (`id`),
  KEY `communities_name_idx` (`name`),
  KEY `admin_user_id` (`admin_user_id`),
  CONSTRAINT `communities_ibfk_1` FOREIGN KEY (`admin_user_id`) REFERENCES `users` (`id`)
) ENGINE=InnoDB AUTO_INCREMENT=101 DEFAULT CHARSET=utf8 COLLATE=utf8_unicode_ci;

INSERT INTO `communities` VALUES ('1','sit','1'),
('2','architecto','2'),
('3','amet','3'),
('4','nam','4'),
('5','quo','5'),
('6','sint','6'),
('7','facilis','7'),
('8','consequatur','8'),
('9','incidunt','9'),
('10','reprehenderit','10'),
('11','explicabo','11'),
('12','porro','12'),
('13','et','13'),
('14','nobis','14'),
('15','molestiae','15'),
('16','nesciunt','16'),
('17','nostrum','17'),
('18','et','18'),
('19','doloremque','19'),
('20','id','20'),
('21','quas','21'),
('22','minima','22'),
('23','laudantium','23'),
('24','laudantium','24'),
('25','reprehenderit','25'),
('26','esse','26'),
('27','qui','27'),
('28','rerum','28'),
('29','quisquam','29'),
('30','iusto','30'),
('31','dolore','31'),
('32','esse','32'),
('33','et','33'),
('34','velit','34'),
('35','veritatis','35'),
('36','id','36'),
('37','dicta','37'),
('38','et','38'),
('39','delectus','39'),
('40','quia','40'),
('41','quis','41'),
('42','nostrum','42'),
('43','in','43'),
('44','ut','44'),
('45','quia','45'),
('46','nihil','46'),
('47','voluptatem','47'),
('48','in','48'),
('49','et','49'),
('50','facere','50'),
('51','incidunt','51'),
('52','aut','52'),
('53','aut','53'),
('54','quaerat','54'),
('55','eos','55'),
('56','minima','56'),
('57','temporibus','57'),
('58','aut','58'),
('59','quisquam','59'),
('60','similique','60'),
('61','nesciunt','61'),
('62','hic','62'),
('63','vel','63'),
('64','similique','64'),
('65','sint','65'),
('66','autem','66'),
('67','exercitationem','67'),
('68','blanditiis','68'),
('69','repellat','69'),
('70','tenetur','70'),
('71','modi','71'),
('72','repudiandae','72'),
('73','vitae','73'),
('74','et','74'),
('75','consectetur','75'),
('76','et','76'),
('77','dolorum','77'),
('78','distinctio','78'),
('79','nulla','79'),
('80','eaque','80'),
('81','eligendi','81'),
('82','officiis','82'),
('83','voluptatibus','83'),
('84','corporis','84'),
('85','est','85'),
('86','quos','86'),
('87','velit','87'),
('88','voluptatibus','88'),
('89','voluptatem','89'),
('90','ut','90'),
('91','soluta','91'),
('92','nihil','92'),
('93','aut','93'),
('94','reiciendis','94'),
('95','consequatur','95'),
('96','repellat','96'),
('97','reiciendis','97'),
('98','consectetur','98'),
('99','nobis','99'),
('100','debitis','100'); 


DROP TABLE IF EXISTS `friend_requests`;
CREATE TABLE `friend_requests` (
  `initiator_user_id` bigint(20) unsigned NOT NULL,
  `target_user_id` bigint(20) unsigned NOT NULL,
  `status` enum('requested','approved','unfriended','declined') COLLATE utf8_unicode_ci DEFAULT NULL,
  `requested_at` datetime DEFAULT current_timestamp(),
  `confirmed_at` datetime DEFAULT NULL ON UPDATE current_timestamp(),
  PRIMARY KEY (`initiator_user_id`,`target_user_id`),
  KEY `target_user_id` (`target_user_id`),
  CONSTRAINT `friend_requests_ibfk_1` FOREIGN KEY (`initiator_user_id`) REFERENCES `users` (`id`),
  CONSTRAINT `friend_requests_ibfk_2` FOREIGN KEY (`target_user_id`) REFERENCES `users` (`id`)
) ENGINE=InnoDB DEFAULT CHARSET=utf8 COLLATE=utf8_unicode_ci;

INSERT INTO `friend_requests` VALUES ('1','1','declined','2013-01-07 18:57:04','2012-05-23 12:53:40'),
('2','2','requested','2019-03-16 05:30:44','1994-06-03 05:55:08'),
('3','3','declined','1975-02-10 13:00:02','1987-12-16 18:35:34'),
('4','4','declined','1996-02-12 14:37:27','2003-08-06 13:38:20'),
('5','5','requested','1996-05-09 15:12:12','1988-01-24 01:16:17'),
('6','6','requested','1999-09-09 14:59:44','2015-01-24 20:43:03'),
('7','7','unfriended','1983-12-08 23:51:04','2019-12-02 17:42:59'),
('8','8','declined','1987-10-23 17:42:35','1994-12-20 12:35:41'),
('9','9','unfriended','1978-08-05 12:20:00','1989-05-02 08:44:06'),
('10','10','requested','2011-10-14 16:32:41','1999-11-25 11:28:45'),
('11','11','requested','1981-11-09 08:42:16','2015-06-13 17:02:59'),
('12','12','approved','1987-02-04 04:08:53','1981-12-18 08:48:57'),
('13','13','approved','2009-07-20 17:55:43','2005-08-28 03:45:56'),
('14','14','declined','2000-10-02 00:24:48','1980-12-21 18:43:42'),
('15','15','approved','1992-03-07 18:21:56','1974-07-06 15:35:18'),
('16','16','unfriended','1998-08-07 20:37:20','1983-10-11 07:01:50'),
('17','17','requested','2018-09-26 05:28:57','1977-02-25 08:17:51'),
('18','18','unfriended','1997-06-02 14:35:04','2004-11-23 18:36:22'),
('19','19','unfriended','1994-02-06 07:24:22','1983-05-01 06:02:52'),
('20','20','declined','1980-03-25 02:40:16','1979-04-18 05:07:05'),
('21','21','unfriended','1971-10-10 15:31:08','1991-09-19 22:10:40'),
('22','22','approved','2001-07-29 12:26:36','2002-05-23 10:09:58'),
('23','23','unfriended','2010-04-09 01:00:45','1986-07-04 04:03:42'),
('24','24','declined','2018-09-22 04:27:04','2006-05-25 23:48:54'),
('25','25','approved','1976-04-02 17:06:38','2003-05-27 15:38:51'),
('26','26','declined','2014-06-07 00:03:44','2007-10-19 16:39:40'),
('27','27','unfriended','2002-10-05 19:45:28','2006-03-04 02:37:30'),
('28','28','declined','1999-08-29 23:29:35','1977-07-20 20:33:12'),
('29','29','approved','1970-09-18 00:29:08','1972-04-06 12:02:09'),
('30','30','declined','1990-10-20 05:11:35','2009-02-28 19:35:44'),
('31','31','unfriended','1971-06-05 08:06:49','1980-07-29 02:18:58'),
('32','32','unfriended','2006-09-15 07:26:58','1982-11-09 19:29:35'),
('33','33','requested','1992-04-27 16:35:44','2004-04-30 16:42:24'),
('34','34','requested','2002-04-08 06:11:07','2000-11-25 07:22:43'),
('35','35','requested','2004-07-17 23:22:40','1972-05-29 22:04:23'),
('36','36','unfriended','2001-05-22 07:38:56','1972-07-02 01:10:48'),
('37','37','declined','1985-07-03 02:06:33','1975-11-06 11:19:09'),
('38','38','approved','2012-01-17 02:09:37','1980-03-22 01:20:40'),
('39','39','declined','2011-07-29 17:09:23','1993-06-25 17:36:46'),
('40','40','unfriended','1981-01-23 08:47:34','2010-06-09 10:40:23'),
('41','41','unfriended','2004-07-04 08:54:42','1997-08-23 02:44:32'),
('42','42','approved','1987-10-05 00:26:04','2015-09-20 12:57:37'),
('43','43','approved','1998-04-22 19:35:52','1996-06-16 15:41:48'),
('44','44','declined','1984-08-31 08:09:01','1971-10-17 16:11:35'),
('45','45','approved','2003-04-12 01:33:15','1999-09-01 03:22:51'),
('46','46','unfriended','2002-04-03 09:16:33','1980-11-10 01:21:34'),
('47','47','approved','1998-12-28 00:49:25','1972-01-25 08:08:36'),
('48','48','declined','2010-12-06 12:42:20','1973-05-13 00:33:28'),
('49','49','unfriended','2020-01-07 15:15:41','1981-04-26 10:06:26'),
('50','50','unfriended','1978-01-02 09:06:23','2009-03-25 14:28:15'),
('51','51','requested','1997-06-24 05:56:32','2017-03-19 09:27:23'),
('52','52','approved','2012-03-28 13:39:55','1995-10-18 06:53:35'),
('53','53','approved','2013-06-14 06:55:32','2017-10-27 10:33:26'),
('54','54','requested','2006-01-07 13:40:40','2000-08-21 23:12:41'),
('55','55','approved','1984-09-23 20:15:32','2010-09-07 10:17:23'),
('56','56','requested','1986-07-02 04:51:43','2008-10-09 07:34:52'),
('57','57','requested','1996-11-16 07:45:55','1975-03-15 04:44:05'),
('58','58','requested','2008-10-13 17:25:54','2010-05-29 05:48:23'),
('59','59','unfriended','1993-12-31 13:30:28','2017-10-26 10:56:43'),
('60','60','unfriended','1972-11-08 01:40:22','1999-11-10 06:13:16'),
('61','61','requested','2005-08-02 01:27:08','2011-06-13 21:33:25'),
('62','62','unfriended','1978-01-10 15:00:37','1971-01-03 02:13:27'),
('63','63','approved','1974-03-30 00:46:47','1986-07-17 00:42:56'),
('64','64','unfriended','2004-04-02 14:48:25','1977-09-01 10:01:44'),
('65','65','approved','1985-08-23 19:41:07','1979-05-17 14:28:35'),
('66','66','unfriended','2008-12-16 02:00:33','1980-07-19 23:53:20'),
('67','67','unfriended','1981-10-03 22:48:57','1995-12-26 01:05:55'),
('68','68','declined','2016-08-11 14:23:49','1997-09-04 22:47:40'),
('69','69','declined','1973-11-04 06:35:32','1993-07-20 14:04:23'),
('70','70','requested','1970-03-30 08:13:00','1998-07-13 22:31:52'),
('71','71','unfriended','2011-07-21 01:05:18','1984-12-01 13:44:04'),
('72','72','requested','2006-02-07 10:52:33','2011-03-18 16:44:01'),
('73','73','declined','1981-07-22 11:23:34','1973-05-23 10:06:31'),
('74','74','requested','1985-07-15 03:17:58','1994-02-16 09:52:08'),
('75','75','unfriended','2001-05-01 17:22:00','2014-10-23 23:08:44'),
('76','76','unfriended','2005-05-29 05:28:27','2012-04-09 12:56:27'),
('77','77','declined','1991-03-12 00:18:20','1996-11-05 17:29:16'),
('78','78','approved','1986-12-21 23:07:58','2010-03-13 09:03:43'),
('79','79','requested','1970-09-06 14:12:44','2020-03-13 13:47:16'),
('80','80','declined','1988-09-27 06:25:25','2011-12-31 16:47:24'),
('81','81','declined','1997-03-29 04:47:55','2002-07-04 13:05:16'),
('82','82','requested','2016-05-07 19:12:17','1986-08-02 11:12:57'),
('83','83','requested','1971-08-14 00:58:09','1982-09-30 14:50:48'),
('84','84','declined','1977-12-27 06:33:40','1999-07-06 03:58:24'),
('85','85','approved','1979-01-29 14:32:40','1987-12-17 06:34:52'),
('86','86','declined','1990-11-03 07:12:39','1997-11-26 03:15:33'),
('87','87','unfriended','1978-03-12 00:19:52','1992-05-12 07:43:42'),
('88','88','unfriended','1990-02-01 12:58:00','1993-03-30 16:13:17'),
('89','89','requested','2007-10-18 09:11:57','1978-04-20 17:25:58'),
('90','90','requested','2008-03-30 05:12:27','1976-09-14 09:04:35'),
('91','91','requested','1978-10-12 17:50:05','1995-04-25 20:31:22'),
('92','92','unfriended','1974-07-29 15:22:15','2017-05-24 12:26:15'),
('93','93','declined','1994-04-28 09:21:11','1984-06-19 20:48:25'),
('94','94','declined','1988-12-01 09:00:14','1976-07-29 14:34:09'),
('95','95','approved','2008-02-16 17:11:56','1994-04-16 10:54:43'),
('96','96','requested','1976-09-22 21:05:50','2019-06-09 08:32:39'),
('97','97','unfriended','2003-09-22 14:43:26','2010-12-14 01:54:28'),
('98','98','approved','1978-06-06 16:11:31','1972-04-10 06:31:14'),
('99','99','requested','1979-11-08 07:43:13','1989-07-20 09:38:24'),
('100','100','requested','1997-07-08 12:44:33','2002-10-06 05:34:45'); 


DROP TABLE IF EXISTS `likes`;
CREATE TABLE `likes` (
  `id` bigint(20) unsigned NOT NULL AUTO_INCREMENT,
  `user_id` bigint(20) unsigned NOT NULL,
  `media_id` bigint(20) unsigned NOT NULL,
  `created_at` datetime DEFAULT current_timestamp(),
  UNIQUE KEY `id` (`id`)
) ENGINE=InnoDB AUTO_INCREMENT=101 DEFAULT CHARSET=utf8 COLLATE=utf8_unicode_ci;

INSERT INTO `likes` VALUES ('1','1','1','2008-03-29 14:54:35'),
('2','2','2','1997-10-11 20:08:18'),
('3','3','3','2017-07-29 12:05:37'),
('4','4','4','2001-12-12 10:30:36'),
('5','5','5','2011-10-05 13:40:16'),
('6','6','6','1999-12-18 02:53:54'),
('7','7','7','2013-12-26 15:32:48'),
('8','8','8','2012-11-26 16:23:22'),
('9','9','9','2018-01-20 16:09:25'),
('10','10','10','2001-11-11 23:28:48'),
('11','11','11','2010-08-23 14:01:18'),
('12','12','12','2007-10-19 09:27:47'),
('13','13','13','2017-01-15 00:46:33'),
('14','14','14','2012-02-17 01:54:28'),
('15','15','15','2011-02-25 12:43:04'),
('16','16','16','1985-02-08 07:37:29'),
('17','17','17','1999-11-01 02:21:41'),
('18','18','18','2005-07-06 03:02:02'),
('19','19','19','1995-05-17 19:10:53'),
('20','20','20','1984-06-28 00:43:31'),
('21','21','21','1979-02-03 23:06:31'),
('22','22','22','1979-10-15 21:49:49'),
('23','23','23','1986-05-18 07:42:28'),
('24','24','24','2010-07-20 09:31:39'),
('25','25','25','2006-08-30 18:21:33'),
('26','26','26','1983-06-25 03:33:15'),
('27','27','27','2009-05-04 06:35:24'),
('28','28','28','1999-08-04 10:55:24'),
('29','29','29','1970-09-16 11:55:27'),
('30','30','30','2017-10-20 20:49:57'),
('31','31','31','1994-06-16 09:50:00'),
('32','32','32','2019-11-19 09:08:37'),
('33','33','33','1993-06-01 01:49:27'),
('34','34','34','1981-04-30 11:59:56'),
('35','35','35','2008-07-27 23:03:18'),
('36','36','36','2017-05-03 23:22:40'),
('37','37','37','1999-05-24 05:27:36'),
('38','38','38','2007-04-07 00:06:01'),
('39','39','39','1988-05-09 07:23:39'),
('40','40','40','1998-09-21 12:48:50'),
('41','41','41','1982-09-19 18:28:26'),
('42','42','42','2015-07-22 22:20:16'),
('43','43','43','1978-12-02 12:25:31'),
('44','44','44','1984-02-20 17:15:02'),
('45','45','45','2005-12-29 19:11:34'),
('46','46','46','1986-04-10 22:31:06'),
('47','47','47','1997-12-03 05:45:04'),
('48','48','48','1989-01-17 00:29:10'),
('49','49','49','2012-11-13 15:41:22'),
('50','50','50','2015-01-08 09:52:15'),
('51','51','51','1999-10-15 19:55:04'),
('52','52','52','2013-06-27 11:48:53'),
('53','53','53','1999-10-24 23:36:58'),
('54','54','54','1975-08-07 10:31:56'),
('55','55','55','1984-07-28 02:05:07'),
('56','56','56','1991-04-25 20:22:42'),
('57','57','57','2017-08-27 08:41:21'),
('58','58','58','2017-12-29 11:28:09'),
('59','59','59','1984-01-25 05:45:00'),
('60','60','60','1992-10-09 22:09:17'),
('61','61','61','2017-08-21 03:13:29'),
('62','62','62','2003-07-16 07:27:22'),
('63','63','63','2009-11-08 07:15:06'),
('64','64','64','2008-03-29 04:43:57'),
('65','65','65','2007-09-27 13:49:00'),
('66','66','66','2001-07-14 06:39:57'),
('67','67','67','2002-02-03 21:37:27'),
('68','68','68','1994-07-12 19:38:02'),
('69','69','69','1983-06-18 08:19:40'),
('70','70','70','2013-11-12 07:15:05'),
('71','71','71','1992-03-28 10:24:06'),
('72','72','72','2006-05-20 17:30:44'),
('73','73','73','1986-12-08 16:34:41'),
('74','74','74','1983-07-14 12:45:46'),
('75','75','75','2017-03-17 04:14:21'),
('76','76','76','1996-01-27 19:10:06'),
('77','77','77','2010-03-03 07:15:31'),
('78','78','78','2000-03-26 23:52:04'),
('79','79','79','1996-10-26 02:04:01'),
('80','80','80','1995-02-10 20:50:04'),
('81','81','81','2000-08-30 05:08:20'),
('82','82','82','2012-02-27 03:03:37'),
('83','83','83','2013-04-24 09:54:09'),
('84','84','84','1982-07-29 09:47:38'),
('85','85','85','1976-05-08 19:10:20'),
('86','86','86','2008-02-26 19:46:52'),
('87','87','87','1999-09-20 18:13:24'),
('88','88','88','2015-07-15 21:07:53'),
('89','89','89','2005-01-08 22:48:58'),
('90','90','90','1993-07-19 07:10:19'),
('91','91','91','1970-09-26 08:29:24'),
('92','92','92','1990-08-28 09:25:15'),
('93','93','93','1978-02-09 23:12:20'),
('94','94','94','1981-11-30 17:32:17'),
('95','95','95','1972-12-04 11:02:51'),
('96','96','96','2012-09-30 23:50:22'),
('97','97','97','2015-04-19 23:06:19'),
('98','98','98','2000-06-21 14:56:48'),
('99','99','99','2011-08-10 14:38:45'),
('100','100','100','1982-06-09 10:01:03'); 


DROP TABLE IF EXISTS `media`;
CREATE TABLE `media` (
  `id` bigint(20) unsigned NOT NULL AUTO_INCREMENT,
  `media_type_id` bigint(20) unsigned NOT NULL,
  `user_id` bigint(20) unsigned NOT NULL,
  `body` text COLLATE utf8_unicode_ci DEFAULT NULL,
  `filename` varchar(255) COLLATE utf8_unicode_ci DEFAULT NULL,
  `size` int(11) DEFAULT NULL,
  `metadata` longtext CHARACTER SET utf8mb4 COLLATE utf8mb4_bin DEFAULT NULL CHECK (json_valid(`metadata`)),
  `created_at` datetime DEFAULT current_timestamp(),
  `updated_at` datetime DEFAULT NULL ON UPDATE current_timestamp(),
  UNIQUE KEY `id` (`id`),
  KEY `user_id` (`user_id`),
  KEY `media_type_id` (`media_type_id`),
  CONSTRAINT `media_ibfk_1` FOREIGN KEY (`user_id`) REFERENCES `users` (`id`),
  CONSTRAINT `media_ibfk_2` FOREIGN KEY (`media_type_id`) REFERENCES `media_types` (`id`)
) ENGINE=InnoDB AUTO_INCREMENT=101 DEFAULT CHARSET=utf8 COLLATE=utf8_unicode_ci;

INSERT INTO `media` VALUES ('1','1','1','Commodi et illo et rerum corporis qui voluptate. Et minima odit asperiores et suscipit consequuntur eos facere. Sit saepe labore quos cupiditate aliquam sed. Magnam et quis tempore ut.','quia','968',NULL,'2004-04-09 21:51:02','1987-05-22 17:59:02'),
('2','2','2','Minus itaque sed temporibus placeat nihil. Sunt voluptatibus ullam sed provident. Consectetur consequatur modi voluptates est minus possimus accusantium. Commodi sunt in tempora quos est.','minima','33633284',NULL,'1990-12-21 05:24:58','2014-05-04 01:25:05'),
('3','3','3','Ut totam ipsum et omnis qui et. Ea ullam ut dicta dolorum ut et eum. Incidunt suscipit eos exercitationem incidunt vel.','et','0',NULL,'1984-09-04 23:06:37','1978-09-03 09:34:43'),
('4','4','4','Vitae soluta perferendis velit est dolorem enim eum harum. Est distinctio qui perspiciatis ipsa. Debitis quisquam cupiditate odit nihil nemo non. Inventore quaerat quia similique facere.','sequi','6',NULL,'1978-01-23 08:19:13','2014-07-04 16:50:17'),
('5','1','5','Vitae mollitia est deserunt hic qui saepe sequi. Tempora ducimus cupiditate nihil facilis ea et consequuntur. Nemo quibusdam ut repellat quia rerum et. Quis sapiente possimus officiis nisi sapiente ipsam velit.','animi','40147315',NULL,'1976-05-17 00:48:30','1990-09-10 07:06:00'),
('6','2','6','Quidem qui qui numquam aliquam maiores quisquam. Et fugiat sunt qui delectus iusto sequi. Ratione aut rerum repudiandae optio voluptatem.','ipsam','24425',NULL,'1994-01-10 11:31:13','1985-09-16 18:15:01'),
('7','3','7','Nulla in non amet et excepturi. Magnam quos nihil dolore repudiandae vero aut. Minus et dicta fugit sunt quos.','porro','2007698',NULL,'2015-08-15 07:00:12','1979-05-16 06:59:33'),
('8','4','8','Et cupiditate ipsum esse minus deserunt sed laudantium. Earum deleniti vitae incidunt eum. Sunt fugiat adipisci cupiditate aperiam. Ipsum neque ipsum totam voluptas inventore.','molestiae','0',NULL,'2018-09-03 14:29:20','1972-03-17 10:30:29'),
('9','1','9','Minus nulla vitae est sed est iste quidem. Et adipisci magnam quis dolor. At laboriosam voluptatem et ut et aperiam.','dignissimos','7880',NULL,'1978-06-01 21:58:49','2019-11-15 14:04:10'),
('10','2','10','Aut et velit explicabo corrupti omnis sed. Suscipit excepturi hic quo minima. Dolor minima dolor placeat. Sunt perspiciatis omnis fuga cumque exercitationem ea ipsam. Nesciunt in iste aliquam laudantium odit quaerat.','nobis','37385',NULL,'2011-09-16 08:08:32','1983-04-15 07:31:14'),
('11','3','11','Sit consequatur optio vitae autem. Expedita et beatae esse illo qui. Officia natus molestiae est non. Omnis laudantium mollitia aut similique aut corrupti.','delectus','157659941',NULL,'1988-01-08 03:06:44','2019-12-26 18:00:08'),
('12','4','12','Placeat dicta impedit nam voluptas placeat officia ullam animi. Id nihil cumque est delectus rerum qui deserunt ut. Ut est rem voluptatem voluptates sequi et consequatur. Est eius odit velit et architecto dolorum nostrum. Vero nulla itaque doloremque ut dignissimos quaerat quis.','cumque','257778',NULL,'2003-02-17 09:40:28','1988-07-22 01:18:57'),
('13','1','13','Illum dolor harum et ut aut. Quam commodi excepturi sed ut. Et mollitia quis sint dolores. Quia voluptatem dolores molestias tempore laborum nulla architecto.','officiis','32889733',NULL,'1990-09-29 08:49:40','2008-02-05 21:08:31'),
('14','2','14','Impedit et mollitia rem non quod enim neque. Pariatur et velit deserunt blanditiis aliquid quod beatae dicta. Veniam sunt magni quo quo.','asperiores','13979',NULL,'1992-06-29 15:47:25','1995-02-11 01:02:34'),
('15','3','15','Quidem incidunt in perspiciatis sapiente enim. Accusantium tempore reiciendis illum et ipsa reiciendis neque sed. Non officiis officiis unde dolor quae non aut quo. Et voluptatem quis et occaecati ab recusandae aut.','facere','0',NULL,'2019-04-19 08:43:07','1984-12-11 09:49:30'),
('16','4','16','Est cum pariatur itaque modi debitis. Qui et ex magni explicabo ut in et. Ullam ipsam similique vel explicabo ut dolorum.','sapiente','0',NULL,'1999-04-19 13:40:59','1999-09-09 21:50:50'),
('17','1','17','Ut nobis quae consequatur et ipsa consequatur. Quaerat dolor molestiae rerum aperiam et numquam. Perspiciatis cupiditate libero qui doloremque. Officiis aliquam sunt ut fuga.','optio','6440',NULL,'1971-11-26 23:54:43','1980-06-18 19:40:43'),
('18','2','18','Optio aut eum accusantium perspiciatis cum. Perferendis consequatur numquam incidunt quia facilis debitis delectus harum. Distinctio quia voluptatem expedita et fugiat. Ad hic eos pariatur fugiat officiis.','quasi','5',NULL,'2003-11-07 16:41:21','2019-09-28 08:35:16'),
('19','3','19','Debitis sit est suscipit alias laborum et reprehenderit. Sit ea saepe vitae ducimus. Dolores quod modi recusandae.','molestiae','5',NULL,'1996-05-26 00:34:16','1976-10-26 09:43:56'),
('20','4','20','Nostrum placeat atque omnis molestiae officiis. Tempore voluptatem quos voluptatum expedita sit quis et. Veniam est eius consectetur suscipit accusamus aut non architecto. Enim suscipit nostrum ut cum qui.','veniam','0',NULL,'1977-03-13 08:26:01','2016-05-02 13:53:06'),
('21','1','21','Laboriosam corrupti quibusdam qui in in non quo. Minima a earum voluptatem consequuntur et quo est optio. Quisquam eligendi exercitationem quidem facilis praesentium.','earum','14663',NULL,'1980-03-29 19:23:30','1973-12-12 05:15:03'),
('22','2','22','Architecto ea qui laudantium nam aspernatur. Dolore in commodi odit nesciunt totam adipisci qui. Est reiciendis repellendus maiores autem officiis autem.','enim','695469',NULL,'2017-12-24 14:45:13','2019-01-28 02:53:59'),
('23','3','23','Fuga vel inventore voluptas tenetur ab asperiores. Voluptatibus omnis est voluptas voluptatem. Minima ducimus aut voluptate dolor cupiditate ducimus neque. Nemo quia minima corrupti hic autem animi.','sint','995996',NULL,'1977-08-08 19:40:22','1987-09-25 14:40:11'),
('24','4','24','Sed natus ut perferendis aliquid occaecati molestias. Quis maiores itaque ut explicabo.','magni','841898',NULL,'2007-08-29 14:07:33','2014-01-24 08:29:15'),
('25','1','25','Expedita facere ut illum odio facilis veritatis. Occaecati repudiandae cum qui ut deserunt error et. Adipisci qui aut magnam autem. Est officiis sit voluptas deserunt voluptatem.','sapiente','924',NULL,'2004-08-16 02:35:46','2015-04-20 15:49:52'),
('26','2','26','Expedita deleniti mollitia quibusdam dicta deserunt. Rem dolor accusamus rerum quasi.','sint','668266473',NULL,'1977-10-14 15:51:22','2006-12-21 18:56:17'),
('27','3','27','Hic qui minima deserunt corrupti exercitationem ea omnis. Vitae impedit itaque sit consequuntur. Enim sint unde cum voluptate. Quibusdam animi enim temporibus atque commodi. Cum laborum minus ut velit praesentium cum.','fuga','234',NULL,'1993-08-11 05:31:41','1991-05-26 13:54:31'),
('28','4','28','Natus aut et voluptatem fugit sit. Reiciendis distinctio aliquid et. Quia dolorem delectus eaque blanditiis illum autem. Quis ut mollitia fugit sit adipisci nisi quae.','quas','883',NULL,'1996-08-06 04:46:20','2005-10-30 11:59:29'),
('29','1','29','Et quaerat ad dolorem vero. Vel voluptatem facilis quos consequatur qui. Hic consequatur ad doloribus rerum et.','est','229246',NULL,'2003-11-14 17:06:03','2006-02-13 18:02:02'),
('30','2','30','Et ut odit provident necessitatibus. Ut et perferendis inventore vel qui amet. Enim amet fuga et et sapiente molestias nemo et. Est vel magnam eos pariatur. Iure et doloremque distinctio magni ipsam.','molestiae','114858826',NULL,'2000-10-26 17:22:01','1999-08-26 14:39:21'),
('31','3','31','Qui laborum non tenetur saepe consequatur possimus magnam. Culpa tenetur assumenda aut. Sequi tempore maxime atque magni illum voluptate. Officia laborum numquam assumenda et alias et.','repudiandae','7',NULL,'1977-08-29 16:23:10','1975-03-25 09:53:15'),
('32','4','32','Aut autem et et soluta consequatur maiores tempora. Autem blanditiis sunt earum eaque aut. Eos optio itaque et nihil consequatur.','quo','8',NULL,'1982-03-13 06:10:01','1989-10-23 01:15:22'),
('33','1','33','Eos officia ut tempore facilis. Quis minus necessitatibus tenetur. Magni voluptas eius aut molestiae. Nemo dolorem consequatur consequatur.','perferendis','600527290',NULL,'1975-09-14 02:25:31','2015-03-31 15:35:36'),
('34','2','34','Asperiores exercitationem ut et ut quod. Aut tenetur sapiente eius delectus. Quia ut ut non non.','praesentium','550',NULL,'2011-05-17 11:56:46','2015-11-25 17:03:47'),
('35','3','35','Ducimus et quos non quia id voluptatibus. Eaque consequatur quasi ex aut fugiat. Recusandae odio quasi libero ratione. Et magni soluta quia quis in distinctio velit.','odit','0',NULL,'2019-11-14 21:05:28','1982-10-04 20:17:34'),
('36','4','36','Atque fugit maiores quis. Tenetur veritatis quod voluptatem impedit. Consequuntur voluptatem voluptatem maiores non dolorem occaecati qui blanditiis. Quae enim quia quod non accusantium.','necessitatibus','4',NULL,'2004-04-07 01:22:43','2004-01-01 11:55:08'),
('37','1','37','Quis id facere numquam labore. Officia deleniti sunt placeat ut mollitia facilis iusto. Officia iure qui totam quisquam ut ipsa. Repellendus sunt nulla ex cumque sunt. Sed maiores voluptatem omnis ducimus qui consectetur rerum.','facere','94628',NULL,'1996-04-09 22:30:37','1979-10-13 16:05:27'),
('38','2','38','Adipisci et molestias vero. Debitis et harum ipsum architecto consequatur amet. Provident eum et quo voluptatem ea quam vitae.','ab','26197',NULL,'1984-03-05 16:26:02','2016-07-29 14:09:35'),
('39','3','39','Aliquid illum qui veritatis voluptas et sed rerum. Laboriosam est nihil sint nemo reprehenderit. Ullam ex voluptatem modi et animi quaerat.','nisi','2234',NULL,'2010-12-08 10:07:03','2005-06-03 22:58:31'),
('40','4','40','Quo voluptas at nulla voluptatem nisi. Nihil in natus nihil odio distinctio doloribus. Placeat et sequi accusamus eligendi non et. Unde est id ex sequi.','voluptatem','3580',NULL,'2018-02-04 09:14:04','1978-05-05 17:54:08'),
('41','1','41','Vero hic eos vitae repellat at dolor velit. Rem ratione praesentium itaque architecto consequatur voluptate. Reprehenderit quia cupiditate omnis exercitationem nobis sit expedita voluptatem.','laboriosam','0',NULL,'2007-07-31 04:37:24','1997-10-15 19:11:41'),
('42','2','42','Tempora perferendis tempora omnis quis soluta accusamus dolorum laborum. Dolorem rerum enim omnis deserunt architecto reprehenderit nihil. Ut eius voluptatem dicta vero. Doloremque neque corrupti quam. Harum temporibus consequuntur quis qui omnis ad.','aut','684562160',NULL,'1976-06-20 20:34:39','2016-03-15 04:58:36'),
('43','3','43','Accusantium commodi possimus perspiciatis blanditiis quia quisquam illum. Fugiat quaerat et sed dolor. Omnis laudantium deleniti dolores quia vel. Cum architecto blanditiis exercitationem non tempora ut.','nostrum','2668003',NULL,'1978-04-25 18:39:33','2016-07-25 17:46:35'),
('44','4','44','Ea minus placeat quaerat sunt commodi qui veritatis. Eum similique odio porro veritatis. Et amet aut voluptatem ea assumenda corporis dolorem cum. Ratione vitae et est laudantium dolore recusandae. Libero et aut velit accusantium sunt.','est','0',NULL,'2004-01-18 07:42:28','2020-02-23 19:31:02'),
('45','1','45','Ut magni id quos nihil atque. Aut inventore autem repudiandae omnis accusantium maxime aut. Voluptatum quibusdam eos ut. Corporis qui voluptate aspernatur in. Odio repellat fuga praesentium ea aut omnis ipsam vel.','minus','584',NULL,'1986-06-18 22:40:22','1991-07-19 02:26:49'),
('46','2','46','Vel necessitatibus odit dolores soluta maxime. Illum eos ab numquam expedita debitis. Dolores iure et quae perspiciatis nulla. Optio eaque exercitationem unde voluptas et voluptas. Harum corrupti est ut adipisci non incidunt ut pariatur.','aut','30243',NULL,'1977-01-07 05:30:30','2006-11-28 17:21:50'),
('47','3','47','Maxime eveniet qui iusto alias consequatur et quia molestiae. Ab aut nihil reiciendis repellendus. Iste omnis reprehenderit perferendis quas.','doloremque','6',NULL,'2008-10-16 05:12:12','2017-04-29 15:50:06'),
('48','4','48','Est modi voluptatem ut rerum. Officia non doloribus quo sint pariatur. Enim veniam quod sint commodi omnis quia. Autem error mollitia ut mollitia dolor.','atque','128472',NULL,'1987-04-20 07:57:42','2000-06-27 07:59:45'),
('49','1','49','Repellat voluptatem consequatur eos distinctio velit nam dolorum. Ut dolores id omnis amet deserunt voluptas eum voluptates. Qui quo iure doloribus aliquid autem soluta sint quaerat. Esse quod sit alias quam ea recusandae. Inventore officiis corrupti hic suscipit tenetur.','dolore','53',NULL,'1989-08-12 08:30:22','2001-01-28 01:17:14'),
('50','2','50','Aliquam quia alias facere non consequatur qui. Voluptates sint vel dolor sit vel quia eos. Aperiam magni reiciendis dolorem expedita eum temporibus sint. Eos placeat expedita reprehenderit impedit labore. Temporibus quis molestiae enim nobis voluptas itaque commodi.','debitis','1231',NULL,'1991-02-17 01:35:08','1995-05-22 04:49:57'),
('51','3','51','Natus atque eveniet beatae. Rerum doloremque qui unde quam. Officia omnis atque et fugiat illum modi.','cupiditate','48',NULL,'1973-04-11 22:44:40','1982-06-23 10:59:00'),
('52','4','52','Repellat aut possimus rerum porro repudiandae dolor. Tenetur animi voluptas ut nulla itaque culpa tenetur. Et aut vitae sapiente accusantium commodi error rerum.','harum','8',NULL,'1975-11-05 10:38:46','2010-02-16 15:46:49'),
('53','1','53','Vel eveniet fugiat consequatur id voluptatibus. Consequatur et molestias consequatur cupiditate.','ut','573129',NULL,'1981-09-07 20:59:07','1989-04-23 22:24:52'),
('54','2','54','Quia natus est nisi fuga sit occaecati incidunt dolorum. Sunt officia laborum odit autem sit expedita error. Reprehenderit ut iste reprehenderit. Molestias nulla ea odio culpa dolorem saepe.','reiciendis','83215047',NULL,'1980-07-07 04:21:16','1970-04-10 11:10:46'),
('55','3','55','Velit fugiat dignissimos rerum et quam animi quod. Recusandae maxime molestiae beatae molestiae aut voluptate. Enim rem temporibus aperiam mollitia veritatis reiciendis. Natus eum velit excepturi soluta at quibusdam quo id.','dolor','197',NULL,'1973-12-18 10:40:31','1981-03-14 14:43:40'),
('56','4','56','Voluptatem rerum quis totam culpa. Voluptatem dolorem omnis ducimus voluptate ex. Enim qui nisi dignissimos officia itaque inventore.','illo','48843406',NULL,'1995-06-18 10:40:58','1971-12-20 15:58:57'),
('57','1','57','Sint rerum et officia suscipit. Commodi ut repellendus et numquam. Doloremque alias aut voluptate veritatis nihil non. Eaque iusto aliquid nam corporis.','voluptate','302426963',NULL,'1991-08-15 01:28:00','1998-12-18 19:30:47'),
('58','2','58','Consequatur qui itaque nihil doloremque neque. Quia autem rerum distinctio error. Odio eum reiciendis quo eius reprehenderit eius. Nesciunt quis quo dolorem quia.','dolorem','0',NULL,'1985-07-31 18:06:32','2002-11-02 12:12:34'),
('59','3','59','Maiores quisquam deleniti accusantium animi est. Et tenetur eos et. Ab quis perspiciatis eius. Autem tempora reiciendis commodi rerum tempora.','facere','727',NULL,'2015-02-13 15:29:37','2008-10-02 01:54:13'),
('60','4','60','Dolores facilis cumque aut culpa. Atque dolorum velit voluptas aut fugit. Eum vel et est. Totam quam eos ipsa occaecati aut debitis.','nihil','55483979',NULL,'1973-01-26 15:00:50','2017-12-20 13:14:37'),
('61','1','61','Fugiat exercitationem error aut voluptate quae est. Deserunt est labore sed. Cumque at ab vel. Porro sapiente numquam qui aliquid aut.','harum','7541',NULL,'1974-11-12 08:45:21','1993-05-09 16:55:13'),
('62','2','62','Quibusdam deleniti dolorum quo odio eius est recusandae est. Neque facere dolorem id eos molestiae temporibus iste. Qui eaque sed et qui quam.','possimus','68288',NULL,'2003-06-26 10:40:05','2015-08-12 22:08:30'),
('63','3','63','Omnis provident alias et eveniet. Repudiandae placeat nihil ipsum. Qui vitae qui hic eveniet id aliquid saepe.','itaque','1455',NULL,'1971-04-13 13:51:30','1989-12-09 17:38:54'),
('64','4','64','Est sint necessitatibus in impedit quo. Dolore ut ea nemo sunt quos modi. Dolorem quia voluptatem reprehenderit aut. Est ratione eos accusantium reiciendis consequatur. At adipisci suscipit corporis.','quia','1',NULL,'2009-10-11 00:17:56','1983-06-08 10:49:25'),
('65','1','65','Ab placeat assumenda quas sit illum optio quae. Reiciendis consequatur quisquam tenetur. Exercitationem delectus accusamus omnis eligendi ea.','consectetur','7802',NULL,'2018-03-10 05:48:18','1988-11-28 02:39:44'),
('66','2','66','Debitis quisquam sit in consectetur est consequatur. Ab et perferendis enim occaecati veritatis. Repellat dolores deleniti omnis voluptas reiciendis. Excepturi dolores ea quod. Ab repellat sit sed nulla expedita non.','eveniet','540141',NULL,'2006-10-23 23:07:17','2005-02-03 14:02:46'),
('67','3','67','Perferendis aut quaerat consequatur fuga. Tempore sequi consectetur officia. Et deleniti omnis dolorem et. Similique hic doloribus et eos.','est','43',NULL,'1971-10-23 21:58:30','1987-12-20 17:48:14'),
('68','4','68','Temporibus et et velit similique illum esse alias. Est necessitatibus nihil ducimus tempora veniam aut modi. Sapiente corporis ut vel quis omnis cum et corrupti. Quis eos omnis officiis cupiditate rerum animi adipisci beatae.','vel','26',NULL,'2006-03-14 10:20:06','1987-08-30 17:52:56'),
('69','1','69','Distinctio voluptatum ut possimus. Nisi est possimus maiores nisi exercitationem odit iste. Numquam dolorem quo accusantium non similique voluptatum id optio.','esse','36325',NULL,'1974-04-07 15:50:07','1997-12-26 03:58:35'),
('70','2','70','Enim reprehenderit et incidunt earum eum necessitatibus maiores. Similique rerum voluptate hic rerum expedita ut. Ut perferendis qui excepturi ratione autem et beatae consequatur. Ab aspernatur autem voluptatem voluptate inventore dolorem ut autem.','ratione','0',NULL,'2002-12-11 02:23:36','1984-11-03 10:36:04'),
('71','3','71','Ut autem assumenda deleniti doloremque ut. Et voluptatem id distinctio qui ducimus voluptates tenetur minus. Saepe voluptatum est sit accusantium sunt. Est voluptas neque natus natus. Nobis debitis animi quo fuga asperiores.','nihil','684940',NULL,'2002-03-12 18:29:23','2020-06-11 11:20:39'),
('72','4','72','Quis illo fugit ea consequuntur quia impedit ab. Aspernatur sed sunt esse exercitationem velit illo. Soluta sit quia minima voluptate dolorem natus.','doloremque','41370',NULL,'1986-12-16 04:10:08','2003-10-04 08:53:44'),
('73','1','73','Sequi sequi sed numquam ad non vero est sint. Tempore et repellendus repellendus est nam. Nisi ut laborum quam amet placeat.','sunt','914',NULL,'2020-02-27 20:15:32','1975-12-29 16:06:00'),
('74','2','74','Expedita qui qui unde maiores et. A ut autem voluptas dolorum quo qui. Autem ut enim minima. Consequatur tenetur molestias voluptas autem dolor aliquid sapiente.','hic','350050568',NULL,'1977-09-21 12:16:52','2002-02-20 03:26:20'),
('75','3','75','In cumque ut laboriosam id dolores quia amet labore. Illum autem similique esse maiores esse culpa. Accusamus est quia quo earum perferendis.','deserunt','63435',NULL,'1997-12-17 18:01:07','1970-02-18 22:47:55'),
('76','4','76','Et voluptatem rerum voluptatem quia non. Sapiente ipsa est et consectetur et dicta. Tenetur rerum velit quidem possimus ex eum soluta.','pariatur','3525',NULL,'1998-12-03 15:08:28','1994-07-11 20:17:11'),
('77','1','77','Ea non dolore iusto eum ducimus quia. Ut at nostrum quibusdam autem qui qui. Tenetur aut omnis omnis rerum. A voluptate quam aut et.','non','474',NULL,'2005-01-18 17:32:44','2012-09-15 21:42:55'),
('78','2','78','Possimus similique eos non vero libero rerum. Sint molestias alias eos quae odit sapiente pariatur. Commodi suscipit sapiente ullam ratione nam et et. Iste fugiat praesentium autem quia natus.','eum','583637643',NULL,'1980-12-10 22:01:17','1971-04-03 22:58:29'),
('79','3','79','Non ut similique numquam eum ipsam ea qui. Eum repellat et occaecati facere facilis. Reiciendis voluptas id est aliquam laudantium assumenda aut.','expedita','5673564',NULL,'1994-05-20 16:13:10','1986-02-11 11:27:40'),
('80','4','80','Id consectetur esse et eaque quia doloribus accusamus sint. Expedita esse molestiae natus quia recusandae. Qui in aspernatur vitae natus velit.','accusamus','179832',NULL,'1984-04-02 17:38:40','1994-12-07 07:37:09'),
('81','1','81','Perspiciatis accusantium placeat enim dolores at. Saepe ut explicabo accusantium harum voluptas iusto sed. Minima est aut nemo veritatis ipsum ut.','officiis','6',NULL,'2007-10-07 22:55:01','1987-08-17 05:57:17'),
('82','2','82','Qui eligendi magni qui odio vel aut porro. Quia dolorem velit quisquam quo asperiores porro quo. Sint ut tenetur similique at sapiente dolorem possimus aperiam.','et','3',NULL,'2014-07-20 02:35:23','2019-01-08 19:35:14'),
('83','3','83','Dolores velit ipsa assumenda at. Eos et repellat itaque enim harum architecto ratione incidunt. Voluptatem omnis asperiores autem ad similique fuga illum.','et','14071',NULL,'1995-09-19 13:10:21','1997-12-26 00:08:12'),
('84','4','84','Veniam dignissimos autem distinctio esse. Et sed animi perferendis provident libero. Consequatur sit at iste culpa esse.','mollitia','6638580',NULL,'1995-12-30 18:26:28','1981-10-12 05:03:04'),
('85','1','85','Temporibus incidunt dolores quisquam est eos veniam hic officia. Dignissimos aut quo et reprehenderit. Aspernatur incidunt ad quisquam.','ab','7135862',NULL,'1993-09-02 14:32:32','1977-05-28 01:24:48'),
('86','2','86','Odio qui et tenetur nisi quasi. Qui hic cupiditate aut ea ipsa alias. Non perferendis provident vitae voluptas culpa dicta ut. Aut ut quia rem asperiores pariatur atque.','aut','4932074',NULL,'1985-09-26 19:47:41','1975-10-02 06:04:59'),
('87','3','87','Quas modi iure facere qui. Pariatur repellat suscipit ut eius veniam amet fugit nesciunt. Non eum quaerat voluptas pariatur explicabo. Voluptatum neque velit velit illo. Laborum et iusto qui in amet repudiandae.','totam','98713930',NULL,'1972-12-24 12:56:54','2009-03-04 22:41:00'),
('88','4','88','Aut necessitatibus cumque ad. Velit aliquid quisquam illum magni dolorem odit. Saepe et commodi rem ad.','vero','872',NULL,'1979-05-07 01:00:50','2005-10-28 01:53:08'),
('89','1','89','Exercitationem velit similique unde id. Ea placeat vel omnis at. Sed voluptatem occaecati dolor minima. Et cumque non nihil minima.','error','251',NULL,'1975-06-01 08:33:33','2007-06-17 19:38:40'),
('90','2','90','Velit laudantium et asperiores iusto tempore et. Omnis voluptatibus atque qui ut omnis quis. Labore qui aut accusantium est repudiandae eligendi vel. Est aut nulla et consequuntur ut minus eveniet.','cumque','11818',NULL,'1997-05-22 19:20:52','2003-01-24 02:06:31'),
('91','3','91','Aut pariatur aliquid molestias necessitatibus. Velit repellat sed corporis sed aut. Fugiat repellendus cum dolorem non nam.','voluptatem','4411879',NULL,'1991-07-11 05:52:43','1979-02-19 14:09:47'),
('92','4','92','Aut blanditiis dolor necessitatibus nam repellendus quaerat hic nemo. Nam enim molestiae sint est placeat et. Facere et ab consequuntur debitis a.','et','1888152',NULL,'1972-05-02 05:17:43','2001-03-12 15:18:50'),
('93','1','93','Quo voluptas dolorum ea voluptate. Aut qui et repellendus occaecati enim quis velit. Quidem odit architecto laudantium itaque similique eius. Quasi itaque iusto laudantium non aut voluptate optio.','vero','4',NULL,'1978-09-20 19:20:03','1984-04-25 02:31:17'),
('94','2','94','Quas amet earum sunt. Est veritatis tempora dolor qui et suscipit est. Libero repellendus a harum.','voluptatem','3',NULL,'2016-10-09 05:41:19','1990-10-15 05:27:45'),
('95','3','95','Porro labore fuga iure ratione est. Qui qui sed quia harum. Laboriosam autem quod illo quas velit. Enim sit sint odio exercitationem.','saepe','73199070',NULL,'2006-11-11 17:12:51','2004-11-17 04:14:15'),
('96','4','96','Nihil nulla inventore magni quisquam porro repudiandae atque. Doloribus optio eveniet mollitia distinctio qui. Ratione et maxime voluptatem cum dolor vel ex. Velit dolorum recusandae inventore.','magni','34971259',NULL,'2010-01-20 13:09:59','2005-05-05 18:50:48'),
('97','1','97','Est consectetur expedita dolores ducimus illo rerum. Similique dolorem debitis nisi laudantium est. Tenetur perferendis pariatur tenetur. Vero quas consequatur sit est. Vero sint sit dolores at.','et','3',NULL,'1993-01-01 15:54:52','1973-10-03 19:07:49'),
('98','2','98','Dolor repellat maxime cumque commodi aperiam maiores. Minus omnis voluptatem quia minima recusandae explicabo sint. Rem nisi reprehenderit quo ipsa doloribus ullam. Non dolor tempora assumenda pariatur hic cumque suscipit. Voluptatum quo aut odio iure exercitationem enim.','dolor','44439653',NULL,'1976-11-02 18:39:49','1984-11-07 21:43:31'),
('99','3','99','Enim natus rerum voluptatem et quae. Et assumenda culpa corrupti enim ut delectus. Deleniti nisi harum minus iste qui ratione. Temporibus omnis impedit repellat ratione animi.','autem','3653077',NULL,'2018-03-02 00:51:44','1996-04-13 14:57:57'),
('100','4','100','Sapiente quaerat neque sed est provident nemo velit. Et molestiae vel esse pariatur. Nam at et fuga. Corporis et deserunt ea blanditiis.','officiis','1083',NULL,'2000-01-05 22:22:27','1982-05-26 04:40:32'); 


DROP TABLE IF EXISTS `media_types`;
CREATE TABLE `media_types` (
  `id` bigint(20) unsigned NOT NULL AUTO_INCREMENT,
  `name` varchar(255) COLLATE utf8_unicode_ci DEFAULT NULL,
  `created_at` datetime DEFAULT current_timestamp(),
  `updated_at` datetime DEFAULT NULL ON UPDATE current_timestamp(),
  UNIQUE KEY `id` (`id`)
) ENGINE=InnoDB AUTO_INCREMENT=5 DEFAULT CHARSET=utf8 COLLATE=utf8_unicode_ci;

INSERT INTO `media_types` VALUES ('1','eveniet','2009-10-08 21:22:20','1986-12-20 16:45:17'),
('2','facilis','2016-05-15 14:59:59','1992-10-13 08:20:03'),
('3','odio','1995-09-19 03:52:33','2008-11-19 10:57:28'),
('4','quis','2003-03-24 16:30:26','1975-02-11 00:02:58'); 


DROP TABLE IF EXISTS `messages`;
CREATE TABLE `messages` (
  `id` bigint(20) unsigned NOT NULL AUTO_INCREMENT,
  `from_user_id` bigint(20) unsigned NOT NULL,
  `to_user_id` bigint(20) unsigned NOT NULL,
  `body` text COLLATE utf8_unicode_ci DEFAULT NULL,
  `created_at` datetime DEFAULT current_timestamp(),
  UNIQUE KEY `id` (`id`),
  KEY `from_user_id` (`from_user_id`),
  KEY `to_user_id` (`to_user_id`),
  CONSTRAINT `messages_ibfk_1` FOREIGN KEY (`from_user_id`) REFERENCES `users` (`id`),
  CONSTRAINT `messages_ibfk_2` FOREIGN KEY (`to_user_id`) REFERENCES `users` (`id`)
) ENGINE=InnoDB AUTO_INCREMENT=101 DEFAULT CHARSET=utf8 COLLATE=utf8_unicode_ci;

INSERT INTO `messages` VALUES ('1','1','1','Earum corrupti optio quis. Et eligendi asperiores nihil cumque maxime iure dolor. Vero laboriosam iusto aliquam nam dolor. Commodi vitae recusandae dicta animi iure itaque. Tempore et illo omnis.','2015-10-02 03:46:39'),
('2','2','2','Quo reprehenderit voluptatem consequatur. Nobis repudiandae unde pariatur quo vel. Maiores rerum eveniet sed eum. Dicta quia aspernatur neque laudantium.','2008-11-24 03:14:23'),
('3','3','3','Placeat iusto est distinctio ut dolorum explicabo. Eos necessitatibus non iusto quaerat ut. Exercitationem sit quasi iure eaque qui molestiae tenetur.','2005-07-25 21:17:31'),
('4','4','4','Adipisci tempore nesciunt vel omnis et provident. Quibusdam fuga et eum. Rerum quidem vel quaerat animi nobis.','2000-04-03 16:32:07'),
('5','5','5','Rerum error aut ex architecto voluptatibus placeat libero nam. Qui dolorem quia eos dolor minus veniam. Voluptatem iusto qui ipsam recusandae.','2002-04-16 19:37:38'),
('6','6','6','Et maiores veniam asperiores et quia fugit eum dolorum. Veritatis velit necessitatibus in unde voluptate deserunt vitae. Qui dolor eius eveniet ab est deleniti. Autem pariatur tenetur veritatis aperiam autem sed.','2015-05-27 22:19:59'),
('7','7','7','Quia autem quibusdam reprehenderit qui. Sit quia qui quia cumque dolor rerum. Et omnis qui neque qui ipsa et ipsam. Facilis repellat perspiciatis ratione dolore ab iusto. Veniam labore consequatur illo nobis qui est excepturi omnis.','1974-03-06 08:30:26'),
('8','8','8','Dignissimos accusantium neque vero quis aut. Rerum inventore sit quidem et aut occaecati. Similique expedita omnis exercitationem facilis repudiandae eos similique dignissimos.','2014-06-28 07:31:22'),
('9','9','9','Consequatur aliquam eveniet provident consequatur. Maxime qui aspernatur suscipit repellat consequatur sint.','2006-12-02 03:44:24'),
('10','10','10','Dignissimos sit fuga veritatis rem iste. Vero velit qui aut odio tempore est nisi. Et suscipit voluptatem dolorem rerum modi quia facilis. Temporibus quia officiis praesentium sunt. Officiis sapiente ut culpa id vel voluptatum accusamus.','1997-10-12 10:27:58'),
('11','11','11','Aut ut possimus et laboriosam ratione. Quo molestiae sint quo accusamus dolor. Nam quia asperiores ipsam quas tempora vitae eaque.','1997-04-05 19:18:04'),
('12','12','12','Omnis aut maiores alias eos repudiandae. Vitae voluptatibus officiis nemo maiores. Fugiat quia ea odio ut.','2002-04-05 03:53:32'),
('13','13','13','Soluta ut quia qui aperiam repellat neque. Voluptatum debitis natus aspernatur unde debitis. Quidem enim doloremque perspiciatis aliquid inventore aut dolor.','2017-09-19 10:14:44'),
('14','14','14','Corrupti rerum magnam molestiae tempora ut eius fugiat qui. Deserunt aut consectetur quis. Cupiditate cumque qui quas sapiente minus non ut aperiam.','2002-09-28 14:42:11'),
('15','15','15','Cupiditate et esse eligendi nihil pariatur vero et. Atque nisi fugit sit vitae sit modi ea quas. Quidem in et repudiandae laudantium reiciendis.','1981-05-02 06:47:17'),
('16','16','16','Accusantium et dolor eligendi et. Dolores voluptas dolor tempora et in optio.','1975-01-27 18:10:51'),
('17','17','17','Ut aut id ut et rerum. Quas accusantium non quo sunt nostrum rem voluptatem. Maxime harum ipsum voluptates exercitationem natus id.','2002-08-11 22:38:26'),
('18','18','18','Voluptas quos velit magnam enim occaecati. Voluptatem maxime qui delectus eos. Sit quidem repellendus aut ipsum dolore odit id. Aut molestiae aut quis id.','1984-09-24 04:09:57'),
('19','19','19','Autem assumenda et officia autem tempora. Eum magnam dolorem praesentium similique ut. Similique recusandae dolores alias et rerum.','2018-02-03 23:39:50'),
('20','20','20','Et officia et quibusdam saepe iste laborum. Aut id accusamus consectetur ipsa dicta quod sint.','2011-01-03 23:01:44'),
('21','21','21','Doloremque est aut minima architecto. Aut ut dicta est nihil dolores. Sed cumque et fuga architecto.','1986-11-24 00:03:09'),
('22','22','22','Aliquid sit sit mollitia fugit in. Ut dolore impedit nihil voluptate accusamus. Libero eos architecto nemo eveniet quasi amet. Quas rem eveniet minima dignissimos earum ut.','1974-06-09 01:50:11'),
('23','23','23','Sit vel impedit voluptatem. Inventore ut sit ab autem. Ipsam illum nobis molestiae aut adipisci sunt. Sapiente minima at ut.','1977-06-21 09:35:30'),
('24','24','24','Dolorum consequatur ea architecto quasi vel provident beatae. Fugiat est sunt ex impedit qui facere voluptatum. Debitis omnis est odit asperiores eos. Impedit quaerat enim consequatur animi quia occaecati.','1972-10-28 11:44:57'),
('25','25','25','Tenetur ut est totam eos. Itaque ut aspernatur asperiores ipsum. Quas consequatur id dolor enim incidunt.','2010-12-30 13:37:49'),
('26','26','26','Sunt sunt saepe eos soluta voluptatem dolorem dolorum. Non dignissimos minus nostrum perferendis rerum. Eaque blanditiis ducimus quis laudantium.','1986-09-26 12:07:49'),
('27','27','27','Voluptas laudantium quis autem ducimus sunt. In assumenda perferendis rerum ut. Eaque sit beatae corporis harum dolor aut consequuntur voluptatem. Eaque excepturi doloribus ex quibusdam quam perspiciatis.','1996-07-11 02:37:27'),
('28','28','28','Qui maxime numquam id at distinctio. Soluta quam nulla est omnis minima odio rerum. Maxime rerum laudantium natus ad quaerat nihil sint.','2009-04-03 18:29:52'),
('29','29','29','Veniam eveniet nulla a dolores ratione. Eius sit alias placeat sequi quos dolore. Fugiat quos suscipit delectus quasi consequuntur accusantium. Aliquid repellendus dolorem tempora tenetur quaerat inventore.','2014-05-11 14:03:34'),
('30','30','30','Assumenda expedita provident tempora. Architecto sit aut explicabo sunt aut minima doloribus. Perferendis illum et exercitationem id quibusdam debitis repellat. Sit delectus est quas voluptas.','1982-11-24 10:10:10'),
('31','31','31','Occaecati velit quia quaerat beatae. Doloribus vitae quis adipisci eos qui. Incidunt repudiandae aut quia. Voluptatum nam labore necessitatibus quia.','2019-09-19 07:54:47'),
('32','32','32','Dolores autem incidunt quaerat aut sunt. Voluptatem molestiae optio odit ullam. Quasi harum cum similique aliquid dolor omnis est soluta. Soluta beatae et praesentium corporis.','1986-12-18 11:49:12'),
('33','33','33','Ipsum ex iure amet amet. Nemo voluptas sed expedita tempora. Explicabo minima illum voluptatem aliquam quis. Aut explicabo beatae delectus quidem cumque.','1996-11-14 01:45:55'),
('34','34','34','Qui et nostrum reprehenderit. Non magni rem et voluptas blanditiis.','1988-03-27 07:16:30'),
('35','35','35','Praesentium illo eos sequi ut beatae rerum et. Eum quo laborum quia laboriosam qui. Vitae magni quibusdam quibusdam mollitia dolorem sit est.','1999-08-15 02:29:17'),
('36','36','36','Vero dolor dicta necessitatibus. Id ut dolores aliquid rerum. Ab tempore rem tenetur qui tempore tempora assumenda.','1971-08-11 11:39:17'),
('37','37','37','Quia culpa eaque necessitatibus. Asperiores veritatis qui odit quis quae aut dolor. Consequatur laborum molestiae veritatis qui atque. Maiores maiores debitis saepe. In dolorem voluptatem occaecati officiis.','1983-06-10 00:44:52'),
('38','38','38','Distinctio consequatur consectetur id eius. Dolores sint excepturi laboriosam sit aliquam saepe quia dolorem. Error perferendis cumque consequatur voluptas. Ducimus voluptate rerum sint ab ipsam nulla sit.','2006-07-07 15:30:13'),
('39','39','39','Quia voluptas quia tempora eaque voluptate magnam. Quisquam qui neque velit quae. Fugit sed voluptas natus cum placeat molestias architecto.','1978-04-30 13:49:30'),
('40','40','40','Porro perferendis et ducimus expedita iure. Voluptatem eos fuga deserunt alias temporibus aut aut. Eaque est assumenda ipsam. Recusandae odit et libero.','1994-06-28 09:43:47'),
('41','41','41','Eligendi quas ut dicta. Et error impedit facere pariatur veniam iure omnis. A ut ea incidunt voluptatem.','2019-11-24 10:41:04'),
('42','42','42','Fuga dignissimos libero molestias quis. Fugiat sint ut dolorum omnis id. Qui modi et eos reprehenderit. Enim laboriosam aliquid sunt. Maxime inventore deleniti perferendis mollitia officia velit minus.','1979-06-26 09:57:51'),
('43','43','43','At repudiandae qui enim quos illum est quia. Beatae est sed ut voluptate possimus.','1993-01-20 01:32:12'),
('44','44','44','Suscipit maxime suscipit architecto similique tenetur eum ipsam. Incidunt et suscipit iste cumque autem natus architecto. Illum quas maiores minima.','2016-03-18 16:18:36'),
('45','45','45','Eum facilis sint quia rerum iure maiores. Ullam tempora adipisci quasi inventore molestias inventore. Alias mollitia aut eius vel repellat harum.','2003-08-10 16:49:18'),
('46','46','46','Asperiores in praesentium expedita omnis vitae ea itaque. Vel voluptatem quo eum sit. Adipisci nihil eligendi facere aut occaecati. Dolore pariatur voluptas eaque expedita optio.','1979-04-14 06:03:03'),
('47','47','47','Ut ratione illo atque rem aut iste maiores error. Dolore placeat quia non nulla consectetur nihil. Rem quisquam ut laboriosam inventore cupiditate.','2012-07-03 18:28:05'),
('48','48','48','Fugiat repudiandae illum magnam blanditiis eum possimus. Corporis et voluptatibus recusandae tenetur. Laborum omnis voluptatibus delectus autem et. Commodi sit beatae aut facilis.','1972-06-05 05:14:31'),
('49','49','49','Et aut in ipsa aliquid voluptatem excepturi et. Non ratione aut laudantium reiciendis facere animi non. Minima dolorum voluptatem ab magni iste blanditiis.','1993-02-24 00:16:56'),
('50','50','50','Animi fuga cumque nihil atque esse provident. Ab at odit aut reprehenderit et.','1983-09-16 16:50:14'),
('51','51','51','Vitae sunt aut odit omnis alias distinctio praesentium. Optio cumque in ipsam officia reiciendis tempore iusto. Nihil consequatur pariatur dignissimos dolorem alias quis. Sint odio ab occaecati iure.','1994-04-05 00:08:54'),
('52','52','52','Excepturi aliquam autem quia laborum nam sed dolores. Ea et asperiores hic. Quidem quibusdam rerum ipsa rerum dolores aperiam earum.','1984-04-03 06:27:26'),
('53','53','53','Animi possimus iure voluptas et a. Qui temporibus iste autem voluptatibus commodi et vel quasi. Natus porro nulla sequi.','1976-12-21 02:25:40'),
('54','54','54','Quis voluptatem sunt voluptatem non recusandae vitae. Quidem ut sit incidunt alias.','1994-07-27 08:36:25'),
('55','55','55','Est distinctio optio molestiae. Dolore maiores et eaque architecto. Omnis laboriosam ipsa molestiae nulla commodi. Rerum quibusdam aut fuga est.','1983-01-26 17:28:04'),
('56','56','56','Rerum placeat molestiae recusandae modi pariatur est. Dolores aut ipsum sed similique quis voluptate. Aut et dolorem nostrum nam omnis. Sint sint aut sed repudiandae cum consequatur in.','2011-02-18 13:23:55'),
('57','57','57','Dolorum ea laborum amet est exercitationem fuga possimus tenetur. Totam quia vitae molestiae autem eos est beatae magni. Voluptates eius repellat consequatur aut nisi. Consequatur fuga magnam error quis consequuntur perferendis.','1981-01-05 01:06:18'),
('58','58','58','Perspiciatis deserunt sed odio ea praesentium sed voluptas. Ipsa voluptatem et qui et a qui. Tempore debitis corporis qui eos. Dolorem voluptatum aut id delectus tempora laborum.','1974-05-21 20:46:43'),
('59','59','59','Sed odio hic et. Voluptatem nulla eum maxime accusamus. Ad cum eos non cumque. Neque maxime est et porro enim nobis.','1983-12-27 09:27:07'),
('60','60','60','Animi necessitatibus laboriosam molestias beatae sit quisquam. Aliquid dolor consectetur officia ducimus vitae aspernatur qui.','2019-01-02 17:55:53'),
('61','61','61','Totam perspiciatis explicabo blanditiis maxime et qui. Iste consequuntur optio eligendi pariatur sit occaecati. Est quasi sit et porro ratione libero.','1982-03-23 14:23:28'),
('62','62','62','Sed aut quia expedita nulla accusamus et quaerat dignissimos. Dolor aperiam cum et aut alias. Quia dicta quia vero est. Eligendi veniam quasi consequatur vel.','1983-11-21 20:37:08'),
('63','63','63','Fugit nobis ullam laborum ab facere ullam. At occaecati est hic modi magni consectetur. Possimus maiores nam soluta deleniti rerum corrupti nemo omnis.','2007-10-14 06:31:41'),
('64','64','64','Hic velit officiis dignissimos dolorem. Et quaerat sunt commodi qui cupiditate ex.','1997-06-11 13:40:17'),
('65','65','65','Alias dolorem rerum perspiciatis dolores officiis est. Facilis illo fugiat dolores facilis ipsam quae est odio. Quis reprehenderit ratione est at. Debitis dolorem rerum quo in eius ullam error.','2013-10-17 00:40:03'),
('66','66','66','Sequi eveniet impedit molestiae perferendis enim nulla nulla qui. Suscipit quia minus et aut officia. Voluptatem dolorem ut quo blanditiis modi reprehenderit. Nisi deserunt omnis dolor est impedit ab fuga deserunt.','2016-10-22 21:50:43'),
('67','67','67','Placeat sint labore cumque ullam. Vitae quae eum enim odit fugiat quo. Qui quasi odio consectetur error itaque quo.','2005-04-08 02:14:39'),
('68','68','68','Qui qui est cumque molestiae. Autem ex aut unde. Earum necessitatibus sint dolor dignissimos. Est dolores magnam asperiores culpa saepe.','1985-03-04 15:57:05'),
('69','69','69','Odio consequatur fuga suscipit est laborum omnis dolorem. Soluta voluptatum omnis et architecto sunt dicta nulla est. Aut et atque consectetur rem quia voluptatem repudiandae. Tenetur porro sapiente dicta.','1996-02-11 15:23:02'),
('70','70','70','Qui eius alias quidem sed. Voluptate labore omnis in accusamus. Voluptas et voluptatem vero quidem.','1999-08-27 23:13:43'),
('71','71','71','Quae quo fugit molestiae ipsa. Est rerum atque id delectus nulla reprehenderit necessitatibus deserunt. Assumenda velit consequatur architecto numquam nisi laborum accusantium.','2011-09-05 13:19:12'),
('72','72','72','Voluptatem eum omnis nisi voluptatem cupiditate esse velit. Et voluptatibus et et ullam aut et. Qui sed expedita et tempore sed commodi. Exercitationem officiis officia dicta.','1987-09-29 21:03:33'),
('73','73','73','Molestiae distinctio voluptatem laudantium aut quo eum sit. Et earum nulla sed fuga. Maiores expedita fuga quis a ad dolores et consequatur.','2005-02-27 09:06:12'),
('74','74','74','Cupiditate repellat autem ut odit tempora voluptate ut. Recusandae non rerum vel illo officiis. Qui laborum culpa quas quis delectus dolor. Optio aliquid optio doloremque voluptatem.','2007-12-21 16:02:20'),
('75','75','75','Excepturi ipsam cupiditate et natus et sint. Ducimus officiis molestias praesentium error. Sit laboriosam perspiciatis quae consequuntur quis repudiandae est.','2014-07-28 12:54:10'),
('76','76','76','Harum est rem sit voluptas. Quo ut dolorum quibusdam ipsa fuga. Beatae quis in harum quas. Sequi consequatur cum consequatur expedita. Veniam explicabo rem velit quas error deleniti quasi.','1981-07-30 20:06:04'),
('77','77','77','Sed est commodi dolor impedit voluptatem velit atque. Aut doloribus corporis beatae dolorum qui quos. Reiciendis ut molestias nobis impedit natus numquam. Esse id placeat minus fuga corporis culpa eos.','1982-01-23 23:54:25'),
('78','78','78','Maiores saepe et dicta ut debitis nihil. Et quia molestias eligendi quisquam soluta facere. Fugit consequatur quia non error culpa. Aut dignissimos minus molestiae aut. Et occaecati porro mollitia eaque.','1975-08-19 21:22:38'),
('79','79','79','Et nihil ea tempora asperiores odit sint tempora. Dolores autem nisi dignissimos et quas corrupti. Magnam similique eum quia molestias alias provident exercitationem. Corrupti tenetur est nemo et voluptatem laboriosam. Ipsum aut minus dolorum et rem.','1992-03-15 09:22:58'),
('80','80','80','Ex debitis molestias voluptates numquam eveniet voluptatibus sit qui. Error consectetur sint deserunt omnis magni. Aliquam voluptatem cum aut ut.','2012-12-23 01:11:38'),
('81','81','81','Distinctio autem quia quasi reprehenderit necessitatibus. Voluptatem quibusdam velit fugit voluptas veritatis molestiae. Est quisquam modi enim voluptatem fugiat enim quos reprehenderit. Error natus vero consectetur minima ut.','1982-11-08 06:33:54'),
('82','82','82','Consequuntur qui soluta sunt voluptatem et. Sequi ex qui blanditiis modi officiis. Libero omnis velit iste nam velit.','1978-02-25 09:35:51'),
('83','83','83','Quasi rerum consequatur aut est. Vel consectetur esse vel nam hic dolor. Id id rerum enim et.','2003-03-18 14:32:07'),
('84','84','84','Quibusdam aut veniam quibusdam. Error recusandae et voluptates quis dolor sit omnis. Aut nisi ipsam in fuga quidem libero dolorum. Iusto quibusdam reiciendis corporis voluptatem velit dolorum.','2003-07-16 16:12:01'),
('85','85','85','Sed nulla aperiam et omnis consectetur. Enim est sunt officia omnis qui eum. Et deserunt eos blanditiis aut. Voluptates provident quod deserunt corrupti consequatur quasi.','1987-03-01 02:08:28'),
('86','86','86','Temporibus provident sint tempora ut reprehenderit perspiciatis. Quo dolore quidem suscipit sed. Dolores quia fugiat saepe. Omnis repellat consectetur aliquam ab illum praesentium.','1984-11-06 13:07:46'),
('87','87','87','Blanditiis quibusdam ut perspiciatis fugiat ut. Molestiae voluptatem similique temporibus dolor tempora. Qui dolorum sint consequatur necessitatibus voluptatem temporibus.','2012-10-24 04:21:48'),
('88','88','88','Consequatur quis ipsam adipisci aut. Cupiditate et molestiae occaecati mollitia sunt. Quisquam nihil minima ipsa adipisci enim eos. Corrupti non quibusdam earum. Et est sed esse autem consectetur eum accusamus.','1990-06-02 12:30:46'),
('89','89','89','Iusto voluptatem eum amet ad molestiae sint. Eos voluptas eius voluptatem natus est rem. Molestiae occaecati officia aspernatur et.','2008-04-04 03:35:17'),
('90','90','90','Sed voluptas velit suscipit. Est odit quis aut eveniet. Ipsam neque qui quis quo illum quo.','1971-07-21 18:38:33'),
('91','91','91','Aspernatur maxime harum libero quibusdam repudiandae ullam ut. Dolorum voluptate autem nobis eum reprehenderit eligendi illo est. Tempore dolore voluptas est illo omnis aut architecto. Ducimus repudiandae natus dignissimos atque doloribus tempora magnam quasi.','1984-11-25 15:21:20'),
('92','92','92','Voluptatem voluptatem ea iusto dolor delectus. Mollitia rerum omnis qui similique sequi nulla et.','2002-07-25 13:49:37'),
('93','93','93','Voluptatibus est molestias dignissimos molestiae temporibus et. Sit magni quidem non voluptatem non aspernatur nesciunt.','1983-07-17 18:27:34'),
('94','94','94','Repellat quidem magni voluptatem et atque libero facere aliquam. Sit necessitatibus voluptates in et et laboriosam sunt voluptatum. Ducimus animi expedita earum. Nemo dolore cumque possimus velit eum voluptatibus.','1978-03-17 13:37:42'),
('95','95','95','Quia excepturi est eos eum magnam. Qui beatae accusantium ex eveniet inventore atque. Ab ipsum eos nulla ut.','1972-04-25 23:30:31'),
('96','96','96','Et dolorem enim dignissimos voluptas alias sapiente. Eos ut commodi sed non. Id nobis sit iste quia velit.','1973-06-21 21:00:06'),
('97','97','97','Est rerum ut saepe molestiae natus. Perspiciatis dolorem velit est maiores. Omnis dolores exercitationem eaque dolorum unde similique ut.','2006-04-22 18:19:58'),
('98','98','98','Aut iusto veritatis quas. In quo quasi dolores et fugiat recusandae. Neque vel dolor possimus consequatur ex ea ducimus.','2018-01-13 17:30:35'),
('99','99','99','Illo nostrum labore et ut molestiae modi. Sunt rerum placeat illo quos iste ea. Saepe pariatur officia cupiditate quisquam reprehenderit. Sint nemo consequatur est dignissimos.','1992-01-22 17:16:52'),
('100','100','100','Impedit quae quos blanditiis. Qui vel et officiis. Accusantium iste ex repudiandae voluptas et sint.','2000-05-10 12:35:00'); 


DROP TABLE IF EXISTS `photo_albums`;
CREATE TABLE `photo_albums` (
  `id` bigint(20) unsigned NOT NULL AUTO_INCREMENT,
  `name` varchar(255) COLLATE utf8_unicode_ci DEFAULT NULL,
  `user_id` bigint(20) unsigned DEFAULT NULL,
  PRIMARY KEY (`id`),
  UNIQUE KEY `id` (`id`),
  KEY `user_id` (`user_id`),
  CONSTRAINT `photo_albums_ibfk_1` FOREIGN KEY (`user_id`) REFERENCES `users` (`id`)
) ENGINE=InnoDB AUTO_INCREMENT=21 DEFAULT CHARSET=utf8 COLLATE=utf8_unicode_ci;

INSERT INTO `photo_albums` VALUES ('1','autem','1'),
('2','quisquam','2'),
('3','in','3'),
('4','neque','4'),
('5','velit','5'),
('6','voluptatem','6'),
('7','voluptatem','7'),
('8','optio','8'),
('9','debitis','9'),
('10','accusantium','10'),
('11','dolorum','11'),
('12','non','12'),
('13','ab','13'),
('14','vel','14'),
('15','magnam','15'),
('16','et','16'),
('17','ut','17'),
('18','et','18'),
('19','voluptatem','19'),
('20','voluptatum','20'); 


DROP TABLE IF EXISTS `photos`;
CREATE TABLE `photos` (
  `id` bigint(20) unsigned NOT NULL AUTO_INCREMENT,
  `album_id` bigint(20) unsigned NOT NULL,
  `media_id` bigint(20) unsigned NOT NULL,
  UNIQUE KEY `id` (`id`),
  KEY `album_id` (`album_id`),
  KEY `media_id` (`media_id`),
  CONSTRAINT `photos_ibfk_1` FOREIGN KEY (`album_id`) REFERENCES `photo_albums` (`id`),
  CONSTRAINT `photos_ibfk_2` FOREIGN KEY (`media_id`) REFERENCES `media` (`id`)
) ENGINE=InnoDB AUTO_INCREMENT=16 DEFAULT CHARSET=utf8 COLLATE=utf8_unicode_ci;

INSERT INTO `photos` VALUES ('1','1','1'),
('2','2','2'),
('3','3','3'),
('4','4','4'),
('5','5','5'),
('6','6','6'),
('7','7','7'),
('8','8','8'),
('9','9','9'),
('10','10','10'),
('11','11','11'),
('12','12','12'),
('13','13','13'),
('14','14','14'),
('15','15','15'); 


DROP TABLE IF EXISTS `profiles`;
CREATE TABLE `profiles` (
  `user_id` bigint(20) unsigned NOT NULL,
  `gender` char(1) COLLATE utf8_unicode_ci DEFAULT NULL,
  `birthday` date DEFAULT NULL,
  `photo_id` bigint(20) unsigned DEFAULT NULL,
  `created_at` datetime DEFAULT current_timestamp(),
  `hometown` varchar(100) COLLATE utf8_unicode_ci DEFAULT NULL,
  UNIQUE KEY `user_id` (`user_id`),
  CONSTRAINT `fk_user_id` FOREIGN KEY (`user_id`) REFERENCES `users` (`id`) ON DELETE NO ACTION ON UPDATE CASCADE
) ENGINE=InnoDB DEFAULT CHARSET=utf8 COLLATE=utf8_unicode_ci;

INSERT INTO `profiles` VALUES ('1',NULL,'1973-08-22','1','1997-01-02 01:58:45',NULL),
('2',NULL,'1985-11-18','2','1987-06-14 16:18:05',NULL),
('3',NULL,'2011-10-01','3','1986-08-31 12:34:12',NULL),
('4',NULL,'2000-12-13','4','1998-11-13 10:48:47',NULL),
('5',NULL,'1976-10-29','5','1974-10-23 20:37:17',NULL),
('6',NULL,'2008-05-05','6','1997-08-20 17:15:41',NULL),
('7',NULL,'2000-12-12','7','1976-12-03 20:18:23',NULL),
('8',NULL,'2016-07-02','8','2001-10-31 21:55:34',NULL),
('9',NULL,'2003-10-06','9','1985-03-27 21:52:26',NULL),
('10',NULL,'2008-03-19','10','1977-01-29 01:41:02',NULL),
('11',NULL,'2008-10-25','11','1982-01-27 14:47:18',NULL),
('12',NULL,'1996-04-04','12','1984-03-15 12:11:19',NULL),
('13',NULL,'2015-03-27','13','2020-01-18 07:22:04',NULL),
('14',NULL,'1995-11-01','14','1989-08-25 08:35:00',NULL),
('15',NULL,'2020-06-13','15','1995-06-16 20:19:38',NULL),
('16',NULL,'2010-06-17','16','2014-11-25 23:04:21',NULL),
('17',NULL,'1986-11-08','17','1997-12-08 12:03:05',NULL),
('18',NULL,'1985-06-22','18','1985-06-03 03:13:50',NULL),
('19',NULL,'1982-09-28','19','2007-07-21 13:38:08',NULL),
('20',NULL,'1981-07-18','20','1972-09-23 15:05:54',NULL),
('21',NULL,'1983-10-17','21','2005-02-08 07:43:29',NULL),
('22',NULL,'1973-06-24','22','1987-01-10 20:53:32',NULL),
('23',NULL,'2019-02-17','23','2000-05-01 08:13:25',NULL),
('24',NULL,'2019-10-05','24','1991-11-06 10:20:53',NULL),
('25',NULL,'2014-04-29','25','2004-03-19 09:55:30',NULL),
('26',NULL,'1971-11-06','26','1992-09-08 09:36:00',NULL),
('27',NULL,'1982-03-31','27','2013-04-11 06:25:29',NULL),
('28',NULL,'1991-12-29','28','2017-04-18 14:27:32',NULL),
('29',NULL,'1998-04-21','29','2007-08-14 03:37:04',NULL),
('30',NULL,'2004-11-24','30','1976-06-15 17:18:46',NULL),
('31',NULL,'1987-02-20','31','1985-01-08 04:47:06',NULL),
('32',NULL,'1975-10-31','32','2016-06-11 08:48:04',NULL),
('33',NULL,'1996-06-14','33','2016-05-28 06:04:33',NULL),
('34',NULL,'2001-09-29','34','1995-10-15 08:34:41',NULL),
('35',NULL,'1990-07-28','35','1970-03-14 04:07:02',NULL),
('36',NULL,'1982-05-06','36','1987-11-16 01:13:21',NULL),
('37',NULL,'2019-04-27','37','1979-06-04 19:39:04',NULL),
('38',NULL,'1981-03-30','38','2008-06-08 16:04:23',NULL),
('39',NULL,'1985-09-20','39','2000-01-15 18:58:19',NULL),
('40',NULL,'1984-12-24','40','2012-08-24 14:22:08',NULL),
('41',NULL,'1994-06-21','41','1973-04-14 04:17:23',NULL),
('42',NULL,'1973-09-18','42','2018-04-27 02:38:56',NULL),
('43',NULL,'1995-05-02','43','1973-07-17 23:38:31',NULL),
('44',NULL,'2017-07-09','44','1976-05-09 16:43:28',NULL),
('45',NULL,'2019-04-26','45','1972-11-09 04:31:16',NULL),
('46',NULL,'2005-12-09','46','2020-04-07 20:54:41',NULL),
('47',NULL,'1974-03-03','47','1987-02-22 20:14:52',NULL),
('48',NULL,'2019-10-29','48','2002-10-18 08:06:52',NULL),
('49',NULL,'2013-12-04','49','1984-02-02 22:28:53',NULL),
('50',NULL,'1982-05-29','50','1996-10-18 13:41:09',NULL),
('51',NULL,'1983-02-20','51','2004-09-21 01:21:59',NULL),
('52',NULL,'1979-10-16','52','1975-08-17 12:20:31',NULL),
('53',NULL,'2008-07-31','53','1994-07-04 03:55:11',NULL),
('54',NULL,'2018-01-14','54','2008-07-21 16:15:18',NULL),
('55',NULL,'1997-04-08','55','2005-03-25 11:58:10',NULL),
('56',NULL,'2016-06-16','56','2012-10-23 05:32:23',NULL),
('57',NULL,'1995-07-22','57','1995-05-02 22:01:52',NULL),
('58',NULL,'1993-07-29','58','2018-12-24 08:33:21',NULL),
('59',NULL,'2007-05-27','59','1981-01-26 00:18:04',NULL),
('60',NULL,'2000-07-27','60','1997-07-18 03:33:03',NULL),
('61',NULL,'2015-10-21','61','2016-06-22 21:51:15',NULL),
('62',NULL,'2002-07-24','62','2001-08-05 08:42:08',NULL),
('63',NULL,'2016-12-01','63','2013-08-16 07:41:06',NULL),
('64',NULL,'2018-01-29','64','2019-05-08 06:21:45',NULL),
('65',NULL,'2005-02-12','65','2000-11-29 23:34:08',NULL),
('66',NULL,'1992-03-02','66','1998-11-14 07:12:40',NULL),
('67',NULL,'2012-02-04','67','1979-11-07 16:42:47',NULL),
('68',NULL,'2003-12-04','68','2004-02-10 21:01:11',NULL),
('69',NULL,'2009-08-06','69','1974-12-24 11:46:12',NULL),
('70',NULL,'2020-08-26','70','2018-03-09 05:42:46',NULL),
('71',NULL,'1977-03-18','71','1980-02-07 19:07:12',NULL),
('72',NULL,'1989-04-03','72','1983-09-25 00:31:31',NULL),
('73',NULL,'1985-05-07','73','1989-09-10 18:06:33',NULL),
('74',NULL,'1991-03-09','74','2011-05-17 11:18:49',NULL),
('75',NULL,'1999-04-06','75','2011-06-09 17:16:15',NULL),
('76',NULL,'1986-07-19','76','1985-07-31 04:04:23',NULL),
('77',NULL,'2006-09-27','77','1974-03-11 20:15:24',NULL),
('78',NULL,'2017-11-09','78','1985-03-26 17:31:37',NULL),
('79',NULL,'2018-07-30','79','1975-12-03 04:30:25',NULL),
('80',NULL,'1982-11-12','80','1976-06-24 01:56:22',NULL),
('81',NULL,'1981-11-12','81','1970-05-01 14:11:05',NULL),
('82',NULL,'1990-02-11','82','1987-10-28 03:56:03',NULL),
('83',NULL,'2005-06-23','83','2001-08-09 22:48:59',NULL),
('84',NULL,'2001-05-13','84','1983-06-13 23:12:35',NULL),
('85',NULL,'2003-01-30','85','1986-04-17 16:34:56',NULL),
('86',NULL,'1978-11-23','86','1989-02-24 04:30:06',NULL),
('87',NULL,'1992-09-22','87','2019-05-11 02:05:35',NULL),
('88',NULL,'2012-06-01','88','1974-07-29 01:15:57',NULL),
('89',NULL,'2000-07-23','89','1991-09-01 13:32:05',NULL),
('90',NULL,'1978-10-05','90','2012-05-02 11:20:59',NULL),
('91',NULL,'2016-10-21','91','1994-05-02 00:50:31',NULL),
('92',NULL,'1992-06-21','92','1990-07-31 02:47:59',NULL),
('93',NULL,'2007-02-09','93','2005-02-24 13:57:17',NULL),
('94',NULL,'1994-11-07','94','1993-08-11 13:00:17',NULL),
('95',NULL,'1988-10-08','95','2001-11-11 22:41:59',NULL),
('96',NULL,'2008-07-14','96','1993-03-02 17:14:03',NULL),
('97',NULL,'2008-08-19','97','1999-04-06 08:56:12',NULL),
('98',NULL,'2009-01-22','98','1971-04-26 02:01:17',NULL),
('99',NULL,'2010-04-26','99','2017-02-09 08:57:13',NULL),
('100',NULL,'1999-11-02','100','1999-09-01 15:44:33',NULL); 


DROP TABLE IF EXISTS `users`;
CREATE TABLE `users` (
  `id` bigint(20) unsigned NOT NULL AUTO_INCREMENT,
  `firstname` varchar(50) COLLATE utf8_unicode_ci DEFAULT NULL,
  `lastname` varchar(50) COLLATE utf8_unicode_ci DEFAULT NULL COMMENT '',
  `email` varchar(120) COLLATE utf8_unicode_ci DEFAULT NULL,
  `password_hash` varchar(100) COLLATE utf8_unicode_ci DEFAULT NULL,
  `phone` bigint(20) unsigned DEFAULT NULL,
  PRIMARY KEY (`id`),
  UNIQUE KEY `email` (`email`),
  UNIQUE KEY `phone` (`phone`),
  KEY `users_firstname_lastname_idx` (`firstname`,`lastname`)
) ENGINE=InnoDB AUTO_INCREMENT=101 DEFAULT CHARSET=utf8 COLLATE=utf8_unicode_ci COMMENT='';

INSERT INTO `users` VALUES ('1','Maxie','Feest','hilton30@example.com','1172d8a384d385c44ed80022a0771809e22d0879','89867293808'),
('2','Cristina','Reinger','reece.ratke@example.com','c0dacd9856974a86ee812128a3ff8776689ad8dc','89321803479'),
('3','Griffin','Hirthe','maia.emmerich@example.org','2718f658fbc70b9ac85ef3ac93fa038a9ec7e3c5','89850531831'),
('4','Dagmar','Smith','brandon06@example.net','b51ba214b5f1616974fa5fa9ef7298213ad06703','89464507373'),
('5','Luella','Hodkiewicz','mireya89@example.com','0bfa26f59123b3292b501d66cf531cfbc280966b','89498603262'),
('6','Gail','Padberg','eliezer.dicki@example.com','86915299bb13d0ffba08ddb6c38c4c1d611fc353','89634814714'),
('7','Deontae','Zemlak','io\'connell@example.net','ff4fbd6696e5b5815046f95e0d8307794cfd7995','89677055452'),
('8','Rylan','Lueilwitz','mfeil@example.net','aa2d4aa68c53c376e818c9a4c210f71ba9c4e0a1','89589947261'),
('9','Ocie','Schinner','xleffler@example.com','1ddbe087540290856686eae235fd00b4f86d2e31','89472925178'),
('10','Ike','Osinski','buford.wuckert@example.com','915ebd40f8a8b03f03014379e32a40860c220930','89341938140'),
('11','Jeanie','Schultz','zbechtelar@example.net','310eed39dc6ecb5ca46412558ca4006faa840041','89242848373'),
('12','Elijah','Wisozk','obashirian@example.org','b4179f29f2ed9a9255be5c746204db98b42eb645','89700866558'),
('13','Joel','Hane','heller.guadalupe@example.com','9a989b46f60f70a3483c6328246a43afeb130764','89763216514'),
('14','Charity','Labadie','gracie.nienow@example.com','70fcb572dda4a53eb5bec87b0c6cf39766eaca00','89294477032'),
('15','Brock','Feil','gene.kerluke@example.org','05f8ac3d6adfee0b5eebf14a3c5bf959c0ebe443','89525659711'),
('16','Nicolette','Padberg','zieme.bell@example.com','04e81015aac809380f6e0273cc77c71c9c8081aa','89187497201'),
('17','Allison','Harber','maggio.rigoberto@example.net','d0281ee13d6aca1d7e75fb22489e349ce48a7ff0','89044569919'),
('18','Michel','Stroman','ccole@example.net','e3fe93057e15477bf155d5078b65226a86ed7bdd','89265142746'),
('19','Adaline','Okuneva','mcassin@example.com','12ff7b0205ba7cdeb200a18d1a4f646f8f4ad397','89602939298'),
('20','Lyric','Huel','arjun.muller@example.org','be6b3ef83f95f2654aaffbc6bb2c5b3fb27e1d81','89700105331'),
('21','Lorenzo','Pagac','rex.sipes@example.com','1cdf9957fbc77f2c330817093939fb765860c329','89084608336'),
('22','Rusty','Koch','klocko.tavares@example.com','7f53c8328f95fa3ed14bab99320cded732b847c6','89326872405'),
('23','Laila','O\'Kon','lockman.lionel@example.net','9821a8879c2bfe098e33cc05133a432cb042c0f0','89361917070'),
('24','Nels','Jacobi','chyna.pagac@example.net','bc76972bd9ee846df7947821d22cff8f4933b0bf','89320790147'),
('25','Lee','Halvorson','linwood02@example.net','a610461f5cbd62d4bf91cc81ecc0563a5c2ceeaa','89198789355'),
('26','Georgette','Watsica','gtremblay@example.org','2eca8d5965afc21f3a3e6079066961a550372ddf','89170459386'),
('27','Gladyce','Reilly','bergstrom.rhoda@example.org','4a778360a641e51ee92135c66610e5244e7e218f','89370996899'),
('28','Cyril','Walter','stephania.bahringer@example.net','60fd27de6ae40fc852ceaf487edd3a1b7db77e81','89424638548'),
('29','Alvena','Wyman','florida.hoeger@example.org','a098a4bd7e9785ff89692b1f0d7b074bbe97a54a','89388061645'),
('30','Vergie','Simonis','americo76@example.net','5769913a63b78fba8bb0e4fae3c8e6e61116dc73','89210340045'),
('31','Gillian','Shanahan','wyatt.murazik@example.org','490089d504f1b53dacc9285e90ff1a80f29b9e05','89400518688'),
('32','Helga','Kuhlman','jerod67@example.net','bf22d543156798f16cfdffff114e66fa9425f257','89431670199'),
('33','Wilma','Kirlin','belle86@example.com','3f947fe852aa953145134b9e412d3416813a14fb','89288606077'),
('34','Devon','Legros','evert.rowe@example.org','bbbbab2b9ec6071d6789f7a5ac83b274e351d56a','89913892685'),
('35','Jada','Nikolaus','maribel.lemke@example.com','8154c281395fd337bac849e6b496d2483989cabb','89119586866'),
('36','Wyman','Hauck','lehner.maximillia@example.com','e22e956ca981bdb83c1aecf12907af1972e16908','89101578260'),
('37','Mariela','Hyatt','o\'keefe.adrianna@example.com','21b76a215e823213499cee18189836700b425e09','89967318148'),
('38','Kimberly','Collins','remington.cremin@example.net','30b46f0eb4f80460b7e446f0c97372f36eb94bef','89787168955'),
('39','Kacie','Kunze','ziemann.kamille@example.net','fa489416dca87b364189728aecc7aad3fc55917c','89842243589'),
('40','Jasen','Collins','isadore56@example.org','6f1fda86d7caf6831d18b7f1b1732e5fc8f65f1f','89690688686'),
('41','Alfredo','Quitzon','dannie82@example.org','8e1912ff7107cda6290c56947141fb25c2c070e1','89597076290'),
('42','Ova','Kulas','hagenes.kristian@example.com','647deb912f615afcf60a3deb26ab5481eacb9707','89673146526'),
('43','Wanda','Koelpin','eturcotte@example.com','30c22c4fc980b5d51c78bc1c7392de0f95be97c8','89350448381'),
('44','Domenica','Heller','jacinthe.littel@example.com','e716bc81f816bc5d27c4d36a6706c1b4c4787751','89790684494'),
('45','Luz','Frami','aufderhar.brandon@example.org','b3b896165ae712bcf4de4b608f412c33fed5694a','89428444626'),
('46','Wilson','Dietrich','murray.dayana@example.org','584df5f1684a22ae119140956adce61db7d25799','89241674928'),
('47','Isom','Zemlak','maximillia86@example.org','9fd367fccfe5c070eaad5a717174bbf7d2d58985','89971434202'),
('48','Jolie','Boyer','auer.edmond@example.org','cd9f587cb4ee0137b78f4b12e097e4a4557c13a0','89275032055'),
('49','Henderson','Tillman','sarah.champlin@example.com','cec1c6413e87fefda6ab9fc4a717a73d73eb4e82','89150703105'),
('50','Chesley','Fay','gladyce20@example.net','75afe7f68564b33eacb370c665e08c81c2f57ec1','89788849547'),
('51','Grover','Fay','mhane@example.com','51ecb37b91fdcd4ca616da5a515e7fa125f60f0a','89225843226'),
('52','Jimmy','Maggio','tia.hammes@example.net','8edc50b6a4a227c723ddff4b869426437df07314','89582341820'),
('53','Elsie','Monahan','wehner.eleanora@example.org','0a601f2c66ed3485576eeb19807b08a7e05f17fb','89142260388'),
('54','Breanna','Jast','lenny36@example.com','3c197ed75d3cc4fa520e0f3e070e989f3dbba017','89646724191'),
('55','Garrick','Kuhn','arthur87@example.net','1485d75b8993b35421113ad3acb61ebedb947608','89933067018'),
('56','Philip','Stroman','jesse.lehner@example.org','d9bc32e219a08dc4be97e38e8208a8f57377997c','89938587939'),
('57','Yasmin','Wunsch','eugene.brakus@example.com','07206f7d203108668a5271d08170f6ead460f94c','89700802057'),
('58','Jovany','Koch','gschaefer@example.com','15674518cf25e8204fb9573634be392b884e74f0','89322355171'),
('59','Aileen','Botsford','kira.eichmann@example.com','de7f839be5c6cfb3beaafcc29872e3a8f97d8ea4','89846340239'),
('60','Alexane','Dietrich','berniece.osinski@example.com','01f93c0ca9f78682213c5b1a211022db92cd482d','89586802412'),
('61','Samanta','Daugherty','luther.lowe@example.com','d277b9be33c958f1f0092067ee01011d45c266ea','89084340539'),
('62','Anahi','Hammes','lane.herzog@example.org','d4943c869897cb23a8b330e3ccdfdf3bf37b10db','89536636956'),
('63','Kristina','Streich','omer81@example.net','84fbe0bdcfe8d6f290e765bf24c6d861c5f59ac4','89632115031'),
('64','Pierre','Bartoletti','christiansen.clark@example.com','f463ff1d5d904db4958a78b9f6c84b58cdb433c6','89038106703'),
('65','Nicola','Thompson','bosco.luz@example.com','0738503fe9d35613b9fee2ea12c33411ebae1234','89713532599'),
('66','Harvey','Barrows','cquitzon@example.org','49d9edf13e9e75205a189c55043ac913b774f15f','89134692520'),
('67','Taryn','Flatley','dorthy14@example.org','81c02b6b563c08694d9f28be423784b21588df2e','89855016523'),
('68','Aurelio','Lakin','ykirlin@example.net','490f484e581b80bfecb48efb4bc7e3b0581a1a41','89627358010'),
('69','Jeffery','Bergstrom','kschneider@example.net','d714a3cc2e195a9e9c5afbd19636f75fa330e434','89152776342'),
('70','Tia','Jacobs','bode.eveline@example.org','f792e12a670b1d90c656a00d0d8488e22fc8b530','89947340412'),
('71','Alana','Schneider','christina.miller@example.net','0b17064d136e699f5431aea635b3b592def0584e','89178120959'),
('72','Evie','Goodwin','glubowitz@example.net','dc02586373f51f7a21d3d92dbf8dc2da706b7b55','89950673754'),
('73','Cary','Fahey','herminio.torp@example.org','c8d33e56621878e2127b5552997113ee156c4702','89026358643'),
('74','Maxie','Bode','farrell.tobin@example.org','74348aecb4b22ddb53e650a49f930a5d10814ba7','89698184893'),
('75','Amy','Kutch','cromaguera@example.org','2345275d474e9e517907e5162a07db2a435bdeb3','89359323227'),
('76','Narciso','Schultz','eulalia63@example.org','3999ad13705f22a4b180dd87627286cd60eda9bc','89841680105'),
('77','Alanis','Schamberger','schulist.enrique@example.com','a6ab1601b56fc928deef85ce94c3f6ecdd87da74','89082895081'),
('78','Barbara','Corwin','mabelle.abbott@example.net','eb5003ee692fa1a7181c38e9c50f77ad2a116c46','89104647923'),
('79','Joshuah','Hartmann','madeline.jenkins@example.org','7cf3536718bbe005316d842e69385e5ee790597b','89187138081'),
('80','Nakia','Bosco','vrempel@example.net','f2d725c5408b334f9ae9d153becec58ef63c1956','89528257687'),
('81','Shakira','Pacocha','antonette.hackett@example.com','978c13dfb97078c9a878a74294df19d0679726e0','89028012518'),
('82','Alex','Wisoky','bauch.emiliano@example.com','d3a94de35afb093814a7a62d1e5e7694ac72f1b7','89123305306'),
('83','Burley','Mills','jstiedemann@example.org','4eadb422f6fe73a33a758da1c1f5cd06bcb7035a','89479760654'),
('84','Edward','Dare','oadams@example.net','ad924f01a34506dcd4eed3c0d075b16a89bc1c8c','89275554595'),
('85','Halie','Zulauf','dabernathy@example.org','d018513458a2dbd2309065b7b4eb6a87148a941a','89770386677'),
('86','Broderick','Hermiston','isobel63@example.net','18aa052f8aa6e305dfa948e8c1a7cd45e724623e','89361881211'),
('87','Verna','Borer','bmitchell@example.net','0d8300b6f9532858e71cbeec2081ccf28831865c','89964876642'),
('88','Kavon','Rosenbaum','weber.dane@example.org','a4ec2ed3dc3125cc1ebe38ad1e3ce79c44dbe64e','89545769677'),
('89','Arturo','Hudson','ledner.sophie@example.net','adfcacadf515c5dce64ad7aed2b583eb9636ada5','89164244141'),
('90','Paige','Langosh','chesley06@example.org','a3aee6f85eed97b3b9c4b8acff2c91d0de9eeb46','89888852646'),
('91','Eda','Keeling','green.ciara@example.org','56598fb8895361410042c15cd0e487adb0c97850','89714987015'),
('92','Garrison','Moen','maxine.carroll@example.com','0096efff4027efa947939eaf27fc666741293b70','89264822683'),
('93','Josephine','Smitham','angelo60@example.net','7b678a54c599a113b774c5410693e0022b6355c7','89138419108'),
('94','Izabella','Johnston','dahlia07@example.com','a9385b30728f775dc0a668c22a79a1177852bf19','89420480336'),
('95','Forrest','Breitenberg','hattie89@example.net','ec593cf6b538c13e72c81b417864ced94f746c47','89873713818'),
('96','Kris','Hagenes','vwaters@example.org','b69ffa01ce0cdbbd54563a3729bdd19ad1ed7d77','89297667107'),
('97','Hiram','Daugherty','tamia.bradtke@example.com','31e4281d766d29ac0944dadf801a9753f96bb1cd','89312902295'),
('98','Jacinthe','Nitzsche','jadon41@example.com','670fa3f2208d7879ea24832dc49ed43c12215508','89981230336'),
('99','Ozella','Boyer','hoppe.lempi@example.com','e0f4efcc6fec86c3743958a5367f9236529b1b5a','89667677977'),
('100','Fay','Witting','nreynolds@example.com','f7a09018f391bc7865845a35d601a7e722b55dd1','89607194364'); 


DROP TABLE IF EXISTS `users_communities`;
CREATE TABLE `users_communities` (
  `user_id` bigint(20) unsigned NOT NULL,
  `community_id` bigint(20) unsigned NOT NULL,
  PRIMARY KEY (`user_id`,`community_id`),
  KEY `community_id` (`community_id`),
  CONSTRAINT `users_communities_ibfk_1` FOREIGN KEY (`user_id`) REFERENCES `users` (`id`),
  CONSTRAINT `users_communities_ibfk_2` FOREIGN KEY (`community_id`) REFERENCES `communities` (`id`)
) ENGINE=InnoDB DEFAULT CHARSET=utf8 COLLATE=utf8_unicode_ci;

INSERT INTO `users_communities` VALUES ('1','1'),
('2','2'),
('3','3'),
('4','4'),
('5','5'),
('6','6'),
('7','7'),
('8','8'),
('9','9'),
('10','10'),
('11','11'),
('12','12'),
('13','13'),
('14','14'),
('15','15'),
('16','16'),
('17','17'),
('18','18'),
('19','19'),
('20','20'),
('21','21'),
('22','22'),
('23','23'),
('24','24'),
('25','25'),
('26','26'),
('27','27'),
('28','28'),
('29','29'),
('30','30'),
('31','31'),
('32','32'),
('33','33'),
('34','34'),
('35','35'),
('36','36'),
('37','37'),
('38','38'),
('39','39'),
('40','40'),
('41','41'),
('42','42'),
('43','43'),
('44','44'),
('45','45'),
('46','46'),
('47','47'),
('48','48'),
('49','49'),
('50','50'),
('51','51'),
('52','52'),
('53','53'),
('54','54'),
('55','55'),
('56','56'),
('57','57'),
('58','58'),
('59','59'),
('60','60'),
('61','61'),
('62','62'),
('63','63'),
('64','64'),
('65','65'),
('66','66'),
('67','67'),
('68','68'),
('69','69'),
('70','70'),
('71','71'),
('72','72'),
('73','73'),
('74','74'),
('75','75'),
('76','76'),
('77','77'),
('78','78'),
('79','79'),
('80','80'),
('81','81'),
('82','82'),
('83','83'),
('84','84'),
('85','85'),
('86','86'),
('87','87'),
('88','88'),
('89','89'),
('90','90'),
('91','91'),
('92','92'),
('93','93'),
('94','94'),
('95','95'),
('96','96'),
('97','97'),
('98','98'),
('99','99'),
('100','100'); 




/*!40101 SET SQL_MODE=@OLD_SQL_MODE */;
/*!40014 SET FOREIGN_KEY_CHECKS=@OLD_FOREIGN_KEY_CHECKS */;
/*!40014 SET UNIQUE_CHECKS=@OLD_UNIQUE_CHECKS */;
/*!40101 SET CHARACTER_SET_CLIENT=@OLD_CHARACTER_SET_CLIENT */;
/*!40101 SET CHARACTER_SET_RESULTS=@OLD_CHARACTER_SET_RESULTS */;
/*!40101 SET COLLATION_CONNECTION=@OLD_COLLATION_CONNECTION */;
/*!40111 SET SQL_NOTES=@OLD_SQL_NOTES */;

