-- !!! “јЅЋ»÷ј cheques «јѕќЋЌя“≈“—я “–»√√≈–ќћ, ƒЋя ЌјѕќЋЌ≈Ќ»я “јЅЋ»÷ Ќ”∆Ќќ —Ќј„јЋј ƒќЅј¬»“№ “–»√√≈– !!!!

INSERT INTO `discount_cards` VALUES ('11111101','2020-05-17 12:56:00'),
('11111102','2020-05-18 12:26:00'),
('11111103','2020-02-01 10:48:00'),
('11111104','2020-03-07 12:56:00'),
('11111105','2020-05-28 15:51:00'),
('11111106','2020-05-14 16:32:00'),
('11111107','2020-08-13 17:36:00'),
('11111108','2020-03-18 11:26:00'),
('11111109','2020-07-17 12:56:00'),
('11111110','2020-06-08 10:35:00'),
('11111111','2020-07-12 16:29:00'),
('11111112','2020-03-24 12:56:00'),
('11111113','2020-02-28 11:01:00'),
('11111114','2020-05-05 11:54:00'),
('11111115','2020-02-17 18:54:00'),
('11111116','2020-01-09 10:37:00'),
('11111117','2020-03-17 12:21:00'),
('11111118','2020-03-21 10:56:00'),
('11111119','2020-08-20 13:51:00'),
('11111120','2020-04-10 12:24:00'),
('11111121','2020-07-07 17:43:00'),
('11111122','2020-06-01 10:56:00'),
('11111123','2020-03-02 12:22:00'),
('11111124','2020-05-24 20:34:00'),
('11111125','2020-01-19 12:56:00'),
('11111126','2020-02-17 22:51:00'),
('11111127','2020-06-18 10:06:00'),
('11111128','2020-05-05 12:56:00'),
('11111129','2020-08-02 22:24:00'),
('11111130','2020-07-11 11:36:00'); 

INSERT INTO `users` VALUES ('1','Gretchen','Marks','Quaeratovich','waelchi.destany@example.net','374aeaae9b825e2a60fb4a0b966d4b696a529c92','11111101','8932878409'),
('2','Rubie','Hudson','Sedovna','johnnie60@example.com','f1b95f731854c58086b800039d84f5273b03f95b','11111102','8985201805'),
('3','Adrienne','Moore','Quiavich','hturcotte@example.net','1f0bba362b9fc18a88853d2931960f997a16cc7c','11111103','8965568783'),
('4','Guy','Kiehn','Numquavich','vito18@example.com','c68a74bbe10af8ac8582a4c70fe3ad3e238b5329','11111104','8904819913'),
('5','Leann','Howell','Magnamovich','roslyn59@example.com','3e5238403804c31ca92e4e91a13c58eeab4cfb09','11111105','8907929690'),
('6','Roscoe','Bayer','Utovich','larry.collier@example.org','e748a1af4c1ad158e639abd8aaa678470cf2c7dc','11111106','8923484932'),
('7','Eriberto','Dickens','Illovich','mireya41@example.net','1b2187a96299ed84a2c9b58b12b4895828c77444','11111107','8924532393'),
('8','Michel','Anderson','Adipiscinovich','brett.toy@example.org','ac4d85937f780c94287a551d095d1d9f7e22d885','11111108','8928146562'),
('9','Kieran','Rolfson','Utovich','buford.shields@example.net','1894d51d017f4d6fefd626046d094264651091cf','11111109','8912477374'),
('10','Sophie','Zemlak','Etovich','eino97@example.com','e32e2ff7820000c5aa547699b62d1790dabdf172','11111110','8936455561'),
('11','Kiara','Davis','Naimovna','lkub@example.com','0218d64f19ca45427e179f2a59038595edf4bc95','11111111','8932171086'),
('12','Meta','Abernathy','Nonovna','maximilian.lueilwitz@example.com','f521c061187b73041e0509c9d73d950b11073bb4','11111112','8906297416'),
('13','Ardella','Kreiger','Cumovna','mcdermott.triston@example.net','c28fa03dbd25fd641108959a9951e0c50dd152e4','11111113','8945320009'),
('14','Milo','Stiedemann','Perferendis','rath.brooklyn@example.org','d0edb941ffdcb91729fed13578b840cec2e4a830','11111114','8957687274'),
('15','Mazie','Kirlin','Repellendus','henry83@example.net','8dbc9349fce8e2ec53ab566f80fa928812e9aa36','11111115','8919819466'),
('16','Kiara','Williamson','Suntovna','smith.sigmund@example.net','b05b2106a3e5f87a2d668a70af680b6d6402bc0d','11111116','8954375597'),
('17','Tina','Will','Vitaevna','hackett.eldon@example.com','51d880c12d055bd4deb35121d39090e3b3cc987f','11111117','8920830648'),
('18','Mollie','Gorczany','Adimov','icole@example.com','f03af8e41931367b773da0e8a816f691462fe498','11111118','8974818908'),
('19','Oda','Mante','Praesentium','gerlach.darby@example.com','c8c7cb6a071ef1a6fd880343ad40e97ae45af112','11111119','8903475719'),
('20','Noemy','Crona','Etova','rwest@example.net','b2e6f93a882677feb5f49149cdaacd88548de185','11111120','8907953000'),
('21','Caroline','Abernathy','Cupiditate','strosin.janick@example.net','49663ec8f0a79190c3796449c99d551ddd52d6fc','11111121','8948298812'),
('22','Steve','Vandervort','Eveniet','chesley18@example.org','4e69852c7c4747c568ee4456d6530e358d45aed2','11111122','8970068546'),
('23','Lizeth','Schultz','Oditov','mae.heller@example.com','9624d85dd5891ad591439c136ebf07e1509ba5d3','11111123','8907525165'),
('24','Audie','Gibson','Cumque','flangosh@example.com','084081dfb18f1e84dc5bfc3f79149131ac835e2a','11111124','8932803908'),
('25','Florian','Considine','Accusamus','fward@example.com','4e5c7c510bc165dfefbae5c2d3bb34ee6418ad1b','11111125','8988492110'),
('26','Mossie','Bednar','Commodi','keenan.o\'conner@example.com','625fb0de32508b7ea28eec980c25cb74d4907dd8','11111126','8966714616'),
('27','Julius','Gutmann','Porro','raegan.shields@example.com','8ea67aa717c10ff53147df67bda829228f04611c','11111127','8979594089'),
('28','Santos','Carter','Autemov','rbednar@example.org','e32fb7f050c5480363cdbb1d4cf88cb04dbc03c0','11111128','8973872948'),
('29','Rashad','Hoppe','Utov','barton31@example.org','620112c0bdf88c91a6f0be11b95f58a34c637ade','11111129','8974609622'),
('30','David','Jacobi','Oditov','evans08@example.org','e6b51ebbabc87ca8f44886d804c46f910605a2f5','11111130','8917313597'); 

INSERT INTO `profiles` VALUES ('1','m','1983-12-26','2020-06-29 06:04:32','9398 Bianka Square Apt. 003\nJonesfort, CT 39719'),
('2','f','1981-02-01','2020-01-08 16:06:22','211 Rubye Mills\nEast Alizatown, MA 81562-6501'),
('3','f','1995-11-24','2020-06-20 08:07:26','53807 Jessika Streets Apt. 518\nEast Kaleland, VT 43155'),
('4','m','1990-05-30','2020-05-23 16:45:14','015 Johan Spurs Suite 608\nNew Chloeshire, CT 19271-9260'),
('5','f','1991-01-31','2020-04-15 13:26:40','439 Trantow Ferry Apt. 138\nMortimerville, OR 57630'),
('6','m','1984-12-09','2020-01-30 02:25:43','50823 Athena Lights Suite 323\nKochtown, DE 38487-0988'),
('7',NULL,'2018-01-06','2020-07-06 14:46:03','468 Davis Isle\nWest Daxfurt, CA 17474-7255'),
('8','m','1983-12-12','2020-09-11 09:40:21','7308 Alysa Plain\nGiovanniport, NH 76788'),
('9','m','1976-03-03','2020-06-06 05:51:25','0566 Cesar Bridge\nNorth Elroy, UT 76836'),
('10',NULL,'1990-09-11','2020-01-06 20:27:01','3844 Parisian Shore\nReingerfurt, GA 96298-7879'),
('11','f','1993-09-14','2020-03-25 00:02:43','08107 Bret Courts\nPort Anahiland, NH 75529'),
('12','f','1989-09-06','2020-05-27 16:18:51','6455 Jerod Trafficway Suite 992\nChayahaven, NV 28503-9872'),
('13','f','1997-12-22','2020-01-20 21:42:45','906 Lebsack Village\nLake Wandastad, ND 59852'),
('14','m','1998-05-16','2020-02-27 06:13:15','31901 Harber Cliff\nHeathcoteside, IN 78962'),
('15',NULL,'1997-02-26','2020-07-24 03:42:09','2735 Borer Mountain\nVeldamouth, CA 93164-3284'),
('16',NULL,'1986-11-03','2020-02-03 15:35:19','864 Bogan Extensions Apt. 119\nUllrichtown, MS 56252-2018'),
('17','m','1992-02-26','2020-01-13 20:30:41','721 Toney Ramp\nNew Augustine, ND 77425'),
('18','m','1983-01-04','2020-08-12 04:12:39','7860 Lavon Dam\nMaxwellside, PA 66807'),
('19','f','1984-04-27','2020-06-08 23:37:03','8773 Champlin Garden Suite 387\nLeannonbury, NE 50439'),
('20',NULL,'1983-07-10','2020-04-13 01:29:15','18894 Annabel Motorway\nCollinston, OH 86918'),
('21','f','1990-04-22','2020-05-28 05:56:08','2129 Gilberto Fall Suite 570\nWest Andreanneborough, MS 62264'),
('22','m','1977-08-04','2020-07-30 06:28:56','0147 Scarlett Locks Suite 522\nElianchester, NV 87657'),
('23',NULL,'1986-02-17','2020-03-10 15:33:58','123 Myrtie Canyon\nNathanialburgh, UT 02984-0423'),
('24',NULL,'1978-09-12','2020-07-27 09:57:26','5459 Roma Parkway\nSchinnerbury, WA 71448'),
('25','m','1970-03-27','2020-07-14 11:16:32','58331 Price Springs Apt. 329\nFlorianview, OK 90646-0832'),
('26','f','1987-01-08','2020-02-18 01:15:22','86123 German Station Apt. 109\nNorth Celia, CT 72970-3807'),
('27',NULL,'1988-04-07','2020-01-29 09:36:10','41504 Runte Port Apt. 888\nPort Lindsay, AR 11814'),
('28','f','1981-09-21','2020-03-14 17:39:03','146 Alexandro Knolls\nWolfland, MI 52898'),
('29','m','1987-11-17','2020-03-16 07:38:58','33816 Carter Springs Suite 449\nSwaniawskiport, AL 61050-1628'),
('30','m','1983-04-23','2020-02-21 23:17:17','95671 Marquardt Ridge Suite 219\nHerminabury, SC 32584-5411'); 

INSERT INTO `children` VALUES ('1','Mike','m','2010-10-20','1'),
('2','Ann','f','2019-08-09','1'),
('3','Fred','m','2015-01-21','3'),
('4','Peter','m','2019-01-25','4'),
('5','Kira','f','2007-04-05','5'),
('6','Vera','f','2011-05-04','5'),
('7','Karl','m','2013-12-22','7'),
('8','Ann','f','2008-03-14','8'),
('9','Mike','m','2006-07-07','9'),
('10','Stiv','m','2010-03-01','10'),
('11','Tramp','m','2007-10-17','11'),
('12','Una','f','2008-01-05','12'),
('13','Kira','f','2010-01-25','13'),
('14','Ali','m','2011-02-11','14'),
('15','Mario','m','2016-01-02','15'),
('16','Nulla','f','2011-08-07','16'),
('17','Ant','m','2019-03-20','17'),
('18','Ilium','m','2020-01-29','18'),
('19','Sunta','f','2011-07-15','19'),
('20','Ada','f','2015-11-30','20'); 

INSERT INTO `category_products` VALUES ('1','одежда','0','3','m'),
('2','одежда','3','6','m'),
('3','одежда','6','10','m'),
('4','одежда','10','16','m'),
('5','игры','0','99','m'),
('6','игры','3','99','m'),
('7','игры','6','99','m'),
('8','игры','10','99','m'),
('9','игры','16','99','m'),
('10','игрушки','0','3','m'),
('11','игрушки','3','6','m'),
('12','игрушки','6','10','m'),
('13','игрушки','10','16','m'),
('14','книги','0','3','m'),
('15','книги','3','6','m'),
('16','книги','6','99','m'),
('17','книги','12','99','m'),
('18','книги','16','99','m'),
('19','одежда','0','3','f'),
('20','одежда','3','6','f'),
('21','одежда','6','10','f'),
('22','одежда','10','16','f'),
('23','игры','0','99','f'),
('24','игры','3','99','f'),
('25','игры','6','99','f'),
('26','игры','10','99','f'),
('27','игры','16','99','f'),
('28','игрушки','0','3','f'),
('29','игрушки','3','6','f'),
('30','игрушки','6','10','f'),
('31','игрушки','10','16','f'),
('32','книги','0','3','f'),
('33','книги','3','6','f'),
('34','книги','6','99','f'),
('35','книги','12','99','f'),
('36','книги','16','99','f'),
('37','одежда','0','3','u'),
('38','одежда','3','6','u'),
('39','одежда','6','10','u'),
('40','одежда','10','16','u'),
('41','игры','0','99','u'),
('42','игры','3','99','u'),
('43','игры','6','99','u'),
('44','игры','10','99','u'),
('45','игры','16','99','u'),
('46','игрушки','0','3','u'),
('47','игрушки','3','6','u'),
('48','игрушки','6','10','u'),
('49','игрушки','10','16','u'),
('50','книги','0','3','u'),
('51','книги','3','6','u'),
('52','книги','6','99','u'),
('53','книги','12','99','u'),
('54','книги','16','99','u'),
('55','питание','0','3','u'),
('56','гигиена','0','3','u');

INSERT INTO `products` VALUES ('1','1','футболка-м1'),
('2','2','футболка-м2'),
('3','3','футболка-м3'),
('57','3','футболка-м3.1'),
('4','4','футболка-м4'),
('5','37','футболка-у1'),
('6','38','футболка-у2'),
('7','39','футболка-у3'),
('8','40','футболка-у4'),
('9','19','платье-д1'),
('10','20','платье-д2'),
('11','21','платье-д3'),
('12','22','платье-д4'),
('13','5','настолка-м1'),
('14','6','настолка-м2'),
('15','7','настолка-м3'),
('16','8','настолка-м4'),
('56','9','настолка-м5'),
('17','23','настолка-д1'),
('18','24','настолка-д2'),
('19','25','настолка-д3'),
('20','26','настолка-д4'),
('21','26','настолка-д5'),
('22','41','настолка-у1'),
('23','42','настолка-у2'),
('24','43','настолка-у3'),
('25','44','настолка-у4'),
('26','45','настолка-у5'),
('27','10','игрушка-м1'),
('28','11','игрушка-м2'),
('29','12','игрушка-м3'),
('30','13','игрушка-м4'),
('31','28','игрушка-д1'),
('32','29','игрушка-д2'),
('33','30','игрушка-д3'),
('34','31','игрушка-д4'),
('35','46','игрушка-у1'),
('36','47','игрушка-у2'),
('37','48','игрушка-у3'),
('38','49','игрушка-у4'),
('39','14','книга-м1'),
('40','15','книга-м2'),
('41','16','книга-м3'),
('42','17','книга-м4'),
('43','18','книга-м5'),
('44','32','книга-д1'),
('45','33','книга-д2'),
('46','34','книга-д3'),
('47','35','книга-д4'),
('48','36','книга-д5'),
('49','50','книга-у1'),
('50','51','книга-у2'),
('51','52','книга-у3'),
('52','53','книга-у4'),
('53','54','книга-у5'),
('54','55','детское питание'),
('55','56','памперсы');

INSERT INTO `prices` VALUES ('1','1','100','2020-01-01 00:00:00', '2030-01-01 00:00:00'),
('2','2','100','2020-01-01 00:00:00', '2030-01-01 00:00:00'),
('3','3','100','2020-01-01 00:00:00', '2030-01-01 00:00:00'),
('4','4','120','2020-01-01 00:00:00', '2030-01-01 00:00:00'),
('5','5','100','2020-01-01 00:00:00', '2030-01-01 00:00:00'),
('6','6','100','2020-01-01 00:00:00', '2030-01-01 00:00:00'),
('7','7','100','2020-01-01 00:00:00', '2030-01-01 00:00:00'),
('8','8','120','2020-01-01 00:00:00', '2030-01-01 00:00:00'),
('9','9','150','2020-01-01 00:00:00', '2030-01-01 00:00:00'),
('10','10','160','2020-01-01 00:00:00', '2030-01-01 00:00:00'),
('11','11','170','2020-01-01 00:00:00', '2030-01-01 00:00:00'),
('12','12','180','2020-01-01 00:00:00', '2030-01-01 00:00:00'),
('13','13','510','2020-01-01 00:00:00', '2030-01-01 00:00:00'),
('14','14','540','2020-01-01 00:00:00', '2030-01-01 00:00:00'),
('15','15','545','2020-01-01 00:00:00', '2030-01-01 00:00:00'),
('16','16','760','2020-01-01 00:00:00', '2030-01-01 00:00:00'),
('56','56','770','2020-01-01 00:00:00', '2030-01-01 00:00:00'),
('17','17','420','2020-01-01 00:00:00', '2030-01-01 00:00:00'),
('18','18','470','2020-01-01 00:00:00', '2030-01-01 00:00:00'),
('19','19','510','2020-01-01 00:00:00', '2030-01-01 00:00:00'),
('20','20','520','2020-01-01 00:00:00', '2030-01-01 00:00:00'),
('21','21','530','2020-01-01 00:00:00', '2030-01-01 00:00:00'),
('22','22','460','2020-01-01 00:00:00', '2030-01-01 00:00:00'),
('23','23','515','2020-01-01 00:00:00', '2030-01-01 00:00:00'),
('24','24','520','2020-01-01 00:00:00', '2030-01-01 00:00:00'),
('25','25','600','2020-01-01 00:00:00', '2030-01-01 00:00:00'),
('26','26','700','2020-01-01 00:00:00', '2030-01-01 00:00:00'),
('27','27','350','2020-01-01 00:00:00', '2030-01-01 00:00:00'),
('28','28','450','2020-01-01 00:00:00', '2030-01-01 00:00:00'),
('29','29','500','2020-01-01 00:00:00', '2030-01-01 00:00:00'),
('30','30','600','2020-01-01 00:00:00', '2030-01-01 00:00:00'),
('31','31','610','2020-01-01 00:00:00', '2030-01-01 00:00:00'),
('32','32','230','2020-01-01 00:00:00', '2030-01-01 00:00:00'),
('33','33','350','2020-01-01 00:00:00', '2030-01-01 00:00:00'),
('34','34','430','2020-01-01 00:00:00', '2030-01-01 00:00:00'),
('35','35','770','2020-01-01 00:00:00', '2030-01-01 00:00:00'),
('36','36','540','2020-01-01 00:00:00', '2030-01-01 00:00:00'),
('37','37','872','2020-01-01 00:00:00', '2030-01-01 00:00:00'),
('38','38','345','2020-01-01 00:00:00', '2030-01-01 00:00:00'),
('39','39','450','2020-01-01 00:00:00', '2030-01-01 00:00:00'),
('40','40','654','2020-01-01 00:00:00', '2030-01-01 00:00:00'),
('41','41','765','2020-01-01 00:00:00', '2030-01-01 00:00:00'),
('42','42','768','2020-01-01 00:00:00', '2030-01-01 00:00:00'),
('43','43','321','2020-01-01 00:00:00', '2030-01-01 00:00:00'),
('44','44','354','2020-01-01 00:00:00', '2030-01-01 00:00:00'),
('45','45','456','2020-01-01 00:00:00', '2030-01-01 00:00:00'),
('46','46','222','2020-01-01 00:00:00', '2030-01-01 00:00:00'),
('47','47','555','2020-01-01 00:00:00', '2030-01-01 00:00:00'),
('48','48','657','2020-01-01 00:00:00', '2030-01-01 00:00:00'),
('49','49','765','2020-01-01 00:00:00', '2030-01-01 00:00:00'),
('50','50','573','2020-01-01 00:00:00', '2030-01-01 00:00:00'),
('51','51','421','2020-01-01 00:00:00', '2030-01-01 00:00:00'),
('52','52','348','2020-01-01 00:00:00', '2030-01-01 00:00:00'),
('53','53','1000','2020-01-01 00:00:00', '2030-01-01 00:00:00'),
('54','54','50','2020-01-01 00:00:00', '2030-01-01 00:00:00'),
('55','55','1500','2020-01-01 00:00:00', '2030-01-01 00:00:00');

INSERT INTO `cheques_products` VALUES ('1','1','1','2','1'),
('2','1','25','1','1'),
('3','1','31','1','1'),
('4','2','4','3','5'),
('5','2','23','1','5'),
('6','3','55','2','10'),
('7','3','56','10','10'),
('8','4','45','1','13'),
('9','4','50','1','13'),
('10','5','56','12','17'),
('11','6','28','1','21'),
('12','6','36','1','21'),
('13','7','36','1','1'),
('14','8','35','2','28'),
('15','8','27','1','28'),
('16','9','27','1','1'),
('17','9','28','1','1');

INSERT INTO `mailing_types` VALUES ('1','поздравительна€','—ongratulations1','Delectus repudiandae qui dolor eligendi in nihil. Ad et impedit ea adipisci. Tempore quia sunt alias aut. Veritatis omnis cupiditate qui quo fugiat.'),
('2','поздравительна€','—ongratulations2','Ea error ut earum distinctio odit harum quo. Maiores recusandae omnis iusto commodi quidem eaque velit pariatur. Dolores voluptatem adipisci commodi fuga est sit. Et error vero a ut alias et voluptates recusandae.'),
('3','рекомендательна€','Recommendations','Minus debitis dolores illum quia omnis consequuntur quas. Modi beatae dolores qui. Et non vero quas voluptatibus blanditiis odit. Nesciunt quis rerum vero.'),
('4','поздравительна€','—ongratulations3','Ad tenetur cum expedita occaecati et. Nesciunt adipisci aut libero. Error voluptates omnis maiores. Placeat ea consequatur cupiditate ut.'),
('5','информационна€','Information','Assumenda ut natus dolor qui nesciunt expedita sapiente. Aut voluptate repellendus ipsa dicta a. Esse accusamus voluptatem ratione quo praesentium. Dolor corrupti odio aut blanditiis laborum eos.'); 

INSERT INTO `mailings` VALUES ('1','1','1','2020-09-01 09:58:33','покупка'),
('2','2','1','2020-09-01 09:58:33','переход'),
('3','3','1','2020-09-01 09:58:33','покупка'),
('4','4','1','2020-09-01 09:58:33','переход'),
('5','5','1','2020-09-01 09:58:33','покупка'),
('6','6','1','2020-09-01 09:58:33','прочитано'),
('7','7','1','2020-09-01 09:58:33','переход'),
('8','8','1','2020-09-01 09:58:33','доставлено'),
('9','9','1','2020-09-01 09:58:33','прочитано'),
('10','10','1','2020-09-01 09:58:33','переход'),
('11','11','1','2020-09-01 09:58:33','покупка'),
('12','12','1','2020-09-01 09:58:33','покупка'),
('13','13','1','2020-09-01 09:58:33','прочитано'),
('14','14','1','2020-09-01 09:58:33','переход'),
('15','15','1','2020-09-01 09:58:33','переход'),
('16','16','1','2020-09-01 09:58:33','прочитано'),
('17','17','1','2020-09-01 09:58:33','покупка'),
('18','18','1','2020-09-01 09:58:33','покупка'),
('19','19','1','2020-09-01 09:58:33','переход'),
('20','20','1','2020-09-01 09:58:33','прочитано'),
('21','21','1','2020-09-01 09:58:33','переход'),
('22','22','2','2020-09-08 09:58:33','прочитано'),
('23','23','2','2020-09-08 09:58:33','покупка'),
('24','24','2','2020-09-08 09:58:33','покупка'),
('25','25','2','2020-09-08 09:58:33','прочитано'),
('26','26','2','2020-09-08 09:58:33','покупка'),
('27','27','2','2020-09-08 09:58:33','переход'),
('28','28','2','2020-09-08 09:58:33','прочитано'),
('29','29','2','2020-09-08 09:58:33','прочитано'),
('30','30','2','2020-09-08 09:58:33','покупка'),
('31','1','2','2020-09-08 09:58:33','покупка'),
('32','2','2','2020-09-08 09:58:33','доставлено'),
('33','3','2','2020-09-08 09:58:33','прочитано'),
('34','4','2','2020-09-08 09:58:33','прочитано'),
('35','5','2','2020-09-08 09:58:33','переход'),
('36','6','2','2020-09-08 09:58:33','доставлено'),
('37','7','2','2020-09-08 09:58:33','переход'),
('38','8','2','2020-09-08 09:58:33','доставлено'),
('39','9','2','2020-09-08 09:58:33','покупка'),
('40','10','2','2020-09-08 09:58:33','доставлено'),
('41','11','3','2020-09-15 14:31:45','доставлено'),
('42','12','3','2020-09-15 14:31:45','прочитано'),
('43','13','3','2020-09-15 14:31:45','доставлено'),
('44','14','3','2020-09-15 14:31:45','прочитано'),
('45','15','3','2020-09-15 14:31:45','переход'),
('46','16','3','2020-09-15 14:31:45','прочитано'),
('47','17','3','2020-09-15 14:31:45','прочитано'),
('48','18','3','2020-09-15 14:31:45','прочитано'),
('49','19','3','2020-09-15 14:31:45','покупка'),
('50','20','3','2020-09-15 14:31:45','покупка'),
('51','21','3','2020-09-15 14:31:45','переход'),
('52','22','3','2020-09-15 14:31:45','покупка'),
('53','23','3','2020-09-15 14:31:45','доставлено'),
('54','24','3','2020-09-15 14:31:45','прочитано'),
('55','25','3','2020-09-15 14:31:45','доставлено'),
('56','26','3','2020-09-15 14:31:45','прочитано'),
('57','27','3','2020-09-15 14:31:45','покупка'),
('58','28','3','2020-09-15 14:31:45','переход'),
('59','29','3','2020-09-15 14:31:45','переход'),
('60','30','3','2020-09-15 14:31:45','прочитано'),
('61','1','4','2020-09-23 18:14:29','доставлено'),
('62','2','4','2020-09-23 18:14:29','переход'),
('63','3','4','2020-09-23 18:14:29','покупка'),
('64','4','4','2020-09-23 18:14:29','доставлено'),
('65','5','4','2020-09-23 18:14:29','прочитано'),
('66','6','4','2020-09-23 18:14:29','прочитано'),
('67','7','4','2020-09-23 18:14:29','переход'),
('68','8','4','2020-09-23 18:14:29','покупка'),
('69','9','4','2020-09-23 18:14:29','прочитано'),
('70','10','4','2020-09-23 18:14:29','переход'),
('71','11','4','2020-09-23 18:14:29','доставлено'),
('72','12','4','2020-09-23 18:14:29','доставлено'),
('73','13','4','2020-09-23 18:14:29','прочитано'),
('74','14','4','2020-09-23 18:14:29','покупка'),
('75','15','4','2020-09-23 18:14:29','покупка'),
('76','16','4','2020-09-23 18:14:29','прочитано'),
('77','17','4','2020-09-23 18:14:29','переход'),
('78','18','4','2020-09-23 18:14:29','переход'),
('79','19','4','2020-09-23 18:14:29','переход'),
('80','20','4','2020-09-23 18:14:29','прочитано'),
('81','21','5','2020-09-30 14:15:56','покупка'),
('82','22','5','2020-09-30 14:15:56','прочитано'),
('83','23','5','2020-09-30 14:15:56','прочитано'),
('84','24','5','2020-09-30 14:15:56','покупка'),
('85','25','5','2020-09-30 14:15:56','прочитано'),
('86','26','5','2020-09-30 14:15:56','доставлено'),
('87','27','5','2020-09-30 14:15:56','покупка'),
('88','28','5','2020-09-30 14:15:56','доставлено'),
('89','29','5','2020-09-30 14:15:56','прочитано'),
('90','30','5','2020-09-30 14:15:56','покупка'),
('91','1','5','2020-09-30 14:15:56','прочитано'),
('92','2','5','2020-09-30 14:15:56','переход'),
('93','3','5','2020-09-30 14:15:56','прочитано'),
('94','4','5','2020-09-30 14:15:56','переход'),
('95','5','5','2020-09-30 14:15:56','прочитано'),
('96','6','5','2020-09-30 14:15:56','покупка'),
('97','7','5','2020-09-30 14:15:56','прочитано'),
('98','8','5','2020-09-30 14:15:56','доставлено'),
('99','9','5','2020-09-30 14:15:56','переход'),
('100','10','5','2020-09-30 14:15:56','доставлено'); 